PacketCounter_femur,SampleTimeFine_femur,Euler_X_femur,Euler_Y_femur,Euler_Z_femur,FreeAcc_X_femur,FreeAcc_Y_femur,FreeAcc_Z_femur
1,2343592535,-143.0606995,-79.65719604,-60.20734024,0.022927288,-0.008366481,0.17833233
2,2343609202,-143.048233,-79.65664673,-60.21530914,0.08025731,-0.02144372,0.19215679
3,2343625869,-143.0562897,-79.65470886,-60.20476532,0.068723164,-0.051891606,0.16813087
4,2343642536,-143.0851898,-79.64942169,-60.1825943,0.014695628,-0.0681838,0.12450886
5,2343659203,-143.1151733,-79.6404953,-60.16570282,-0.009531836,-0.039453503,0.13758373
6,2343675870,-143.1432343,-79.63174438,-60.15196609,-0.004831987,-4.48E-04,0.18147278
7,2343692537,-143.1749573,-79.62265015,-60.13656616,0.006925353,0.017419035,0.18726254
8,2343709204,-143.2089691,-79.61342621,-60.11467361,-5.92E-04,9.59E-04,0.18988991
9,2343725871,-143.2557831,-79.60572052,-60.08494949,-0.006275755,0.011052827,0.21499252
10,2343742538,-143.3089447,-79.6016922,-60.05467224,-0.022917034,0.00545936,0.17711353
11,2343759205,-143.3663177,-79.59606934,-60.01979446,-0.034015402,0.034901604,0.16252518
12,2343775872,-143.4132233,-79.59266663,-59.9892807,-0.04723949,0.07890667,0.16544247
13,2343792539,-143.4449921,-79.59194946,-59.96421051,-0.072531685,0.05173392,0.19563293
14,2343809206,-143.4645996,-79.59439087,-59.94394684,-0.06361232,-1.24E-04,0.18643475
15,2343825873,-143.4762573,-79.59883118,-59.93535995,-0.060443252,-0.006703489,0.17926598
16,2343842540,-143.4783936,-79.60473633,-59.9378891,-0.0489238,0.01844507,0.17030334
17,2343859207,-143.4662628,-79.61038971,-59.94259644,-0.022364818,0.058601297,0.18059921
18,2343875874,-143.4301453,-79.6144104,-59.94716263,-0.009376508,0.049113564,0.1859951
19,2343892541,-143.3851471,-79.61800385,-59.94833374,-0.028543806,7.82E-04,0.17658901
20,2343909208,-143.3381042,-79.62166595,-59.95029068,-0.023591653,-0.029717555,0.1599083
21,2343925875,-143.2926178,-79.62693787,-59.95587158,-0.002621639,-0.07055745,0.1483345
22,2343942542,-143.2479858,-79.62927246,-59.97209549,-0.005472701,-0.05460645,0.16402149
23,2343959209,-143.2036133,-79.63001251,-59.99619675,0.003561288,-0.053272694,0.17976761
24,2343975876,-143.1701813,-79.62840271,-60.02165985,0.014648159,-0.057510555,0.18708229
25,2343992543,-143.1415863,-79.62608337,-60.04916,0.014291908,-0.010566854,0.18817234
26,2344009210,-143.1185303,-79.62502289,-60.06201935,0.024450222,0.03241787,0.14678478
27,2344025877,-143.1038361,-79.61960602,-60.05096817,0.01316096,0.043917112,0.15445423
28,2344042544,-143.0849915,-79.61463928,-60.0445137,-0.042831227,-0.016913058,0.1648798
29,2344059211,-143.0536499,-79.61147308,-60.06406784,-0.08649416,-0.042101346,0.20631981
30,2344075878,-143.0139771,-79.61069489,-60.1085701,-0.058261182,-0.044969186,0.18583679
31,2344092545,-142.9755859,-79.61032104,-60.16585159,-0.01291036,-0.001850687,0.17928314
32,2344109212,-142.927124,-79.61092377,-60.22794724,-0.029609166,0.058009155,0.1418066
33,2344125879,-142.8695068,-79.6112442,-60.28453445,-0.018127069,0.041366324,0.1535263
34,2344142546,-142.7949982,-79.61175537,-60.35276794,-0.040896304,0.011308415,0.18826103
35,2344159213,-142.7201843,-79.61270905,-60.42594528,-0.049612205,-0.029994154,0.17590618
36,2344175880,-142.6325684,-79.61514282,-60.51639938,-0.02948337,-0.05628218,0.16869926
37,2344192547,-142.5520782,-79.61558533,-60.60340881,-0.008140342,-0.024995733,0.15956116
38,2344209214,-142.4749756,-79.6151886,-60.68791962,-9.64E-04,0.004505798,0.18571854
39,2344225881,-142.392334,-79.61180115,-60.76573563,0.031499248,0.021343755,0.18764877
40,2344242548,-142.3074951,-79.60749817,-60.84177017,0.052202288,0.007072453,0.19060326
41,2344259215,-142.2528076,-79.60066223,-60.89395142,0.030779593,-0.021656394,0.1550827
42,2344275882,-142.2167358,-79.59306335,-60.93832016,-0.007659775,-0.0498934,0.13964367
43,2344292549,-142.1894989,-79.58396912,-60.98954773,-0.022262253,-0.043730423,0.16529274
44,2344309216,-142.1508484,-79.57495117,-61.05892944,-0.01608131,-7.74E-04,0.21334553
45,2344325883,-142.1175537,-79.56728363,-61.12312317,0.003174219,0.053840358,0.20142174
46,2344342550,-142.1102905,-79.56161499,-61.1539917,0.020154694,0.073872656,0.16335869
47,2344359217,-142.0861969,-79.55659485,-61.19138718,0.023730231,0.059103474,0.14822769
48,2344375884,-142.0657501,-79.55119324,-61.22913742,-0.004523427,0.019640362,0.17560863
49,2344392551,-142.0652313,-79.54705811,-61.2481041,-0.006632663,0.03405499,0.20642376
50,2344409218,-142.0771484,-79.54549408,-61.25066376,0.006324998,0.055351865,0.18016815
51,2344425885,-142.0838776,-79.54537201,-61.24444962,0.041821312,0.09999193,0.17685413
52,2344442552,-142.0999451,-79.54464722,-61.21174622,0.05842049,0.08851091,0.16395855
53,2344459219,-142.1169128,-79.5426712,-61.16516495,0.019519052,0.051101096,0.16550732
54,2344475886,-142.1405182,-79.54177856,-61.1094017,-0.016391616,-0.02800377,0.17967033
55,2344492553,-142.1740723,-79.54150391,-61.06016922,-0.039065372,-0.009593902,0.19777012
56,2344509220,-142.2041016,-79.54242706,-61.02620316,-0.03172304,0.017819347,0.14746761
57,2344525887,-142.2396393,-79.54345703,-60.98720932,-0.010475884,0.055316944,0.14680195
58,2344542554,-142.2689819,-79.54351807,-60.94715118,-0.019322919,0.006369393,0.16561222
59,2344559221,-142.3053741,-79.54589844,-60.90081406,-0.049020246,-0.035695132,0.20623207
60,2344575888,-142.3472595,-79.55062866,-60.85756683,-0.032143496,-0.014565446,0.19629288
61,2344592555,-142.3937683,-79.55665588,-60.81272125,0.015382567,0.036517937,0.15048122
62,2344609222,-142.4402161,-79.56118011,-60.76159668,-0.002596452,0.066853784,0.18026638
63,2344625889,-142.4762726,-79.56602478,-60.71403885,-0.026102904,0.05911476,0.19680023
64,2344642556,-142.522644,-79.57411957,-60.65921783,-0.048158564,0.015370595,0.17225075
65,2344659223,-142.5722809,-79.58242035,-60.60872269,-0.05985835,-0.02190019,0.15523243
66,2344675890,-142.616684,-79.59060669,-60.57362747,-0.05137427,-0.001227198,0.17251682
67,2344692557,-142.6641541,-79.60102844,-60.53617096,-0.03652572,0.051179886,0.16761875
68,2344709224,-142.7049408,-79.61115265,-60.49304581,-0.015441742,0.08117331,0.1737585
69,2344725891,-142.7433472,-79.62322235,-60.4370575,-0.01616823,0.0420063,0.1765995
70,2344742558,-142.7760773,-79.63584137,-60.38799286,-0.048650153,-0.02030196,0.1709156
71,2344759225,-142.802536,-79.64793396,-60.35664749,-0.056121897,-0.06357485,0.19147015
72,2344775892,-142.8316956,-79.66062164,-60.33259201,-0.033459723,-0.035952672,0.20715523
73,2344792559,-142.848465,-79.67488098,-60.32804871,-0.007874766,0.008916714,0.19193459
74,2344809226,-142.8766327,-79.68807983,-60.31597519,-0.005257151,0.005675609,0.11966324
75,2344825893,-142.9120789,-79.69879913,-60.30023575,-0.018373715,-0.020342194,0.12514019
76,2344842560,-142.9422913,-79.7091217,-60.29029083,-0.012461811,-0.018953117,0.1730957
77,2344859227,-142.9726257,-79.71797943,-60.27913666,-0.024672087,-0.019758936,0.21607494
78,2344875894,-142.9919128,-79.72767639,-60.27710342,-0.025383249,0.014528734,0.19857693
79,2344892561,-142.9991913,-79.73747253,-60.27824402,-0.028030746,0.016063485,0.17307758
80,2344909228,-142.9976196,-79.74567413,-60.28279114,-0.0498057,0.029836632,0.1565609
81,2344925895,-142.9896851,-79.75495148,-60.28977966,-0.043047395,0.014185473,0.16238403
82,2344942562,-142.955719,-79.76599884,-60.32453156,-0.0873291,-0.031902786,0.20314884
83,2344959229,-142.9065857,-79.77613068,-60.3819809,-0.058244556,-0.031098364,0.22030449
84,2344975896,-142.8486481,-79.78781891,-60.45095825,-0.011762761,-0.004598612,0.18540287
85,2344992563,-142.7959595,-79.79776001,-60.51874161,0.009755139,0.01650984,0.1546526
86,2345009230,-142.7595825,-79.80509186,-60.56244278,0.04070622,-0.019942775,0.13756275
87,2345025897,-142.7249603,-79.80930328,-60.60250092,0.042548332,-0.0354667,0.16307735
88,2345042564,-142.711319,-79.80953217,-60.61916733,0.063273095,-0.025709521,0.16336155
89,2345059231,-142.7081146,-79.80834961,-60.62216568,0.077848375,-0.034093827,0.16543579
90,2345075898,-142.7290649,-79.80265808,-60.59638214,0.10813124,-0.020654218,0.16845322
91,2345092565,-142.7705078,-79.79444122,-60.55015945,0.10052403,-0.021188246,0.17191505
92,2345109232,-142.8431091,-79.78366089,-60.48278046,0.016884197,-0.039287988,0.15118217
93,2345125899,-142.9348907,-79.77285767,-60.40756607,-0.07289173,-0.018401207,0.13786983
94,2345142566,-143.0076141,-79.76042175,-60.35275269,-0.10739034,0.017545432,0.16397285
95,2345159233,-143.0379944,-79.75251007,-60.33815765,-0.0952319,0.04981936,0.21853447
96,2345175900,-143.0496979,-79.74893951,-60.33584976,-0.090085246,0.077328496,0.2108612
97,2345192567,-143.0348816,-79.74974823,-60.33895111,-0.091078654,0.10441005,0.17299175
98,2345209234,-142.9868164,-79.75435638,-60.36524582,-0.106043026,0.0901326,0.19574165
99,2345225901,-142.9155426,-79.76039886,-60.40455627,-0.078693114,0.049816567,0.1911726
100,2345242568,-142.8374481,-79.76863098,-60.44733047,-0.05159484,0.029474486,0.16352081
101,2345259235,-142.7601929,-79.77726746,-60.49225235,0.00462616,-0.008149617,0.17102242
102,2345275902,-142.692688,-79.78500366,-60.53700638,0.01467593,-0.061141465,0.1979475
103,2345292569,-142.6325684,-79.79413605,-60.58917999,0.007675756,-0.06665268,0.18511009
104,2345309236,-142.605484,-79.80229187,-60.62536621,0.01246617,-0.07695082,0.15949917
105,2345325903,-142.5963287,-79.80916595,-60.65176773,0.02733636,-0.026650567,0.13200092
106,2345342570,-142.5829468,-79.81155396,-60.673069,0.03312501,-0.007948959,0.14861298
107,2345359237,-142.5658417,-79.81008911,-60.691185,0.049316626,-0.003048549,0.18336678
108,2345375904,-142.5696564,-79.80838776,-60.68750763,0.013539884,-0.047287967,0.16191673
109,2345392571,-142.5820923,-79.80516815,-60.6843605,-0.03106418,-0.02718007,0.17100334
110,2345409238,-142.5944824,-79.8015976,-60.68574524,-0.035460737,-0.006871626,0.17695522
111,2345425905,-142.5957794,-79.79718018,-60.6995163,-0.021016756,0.029918214,0.18939781
112,2345442572,-142.5952606,-79.79404449,-60.71231079,-0.010117691,0.0466742,0.17153263
113,2345459239,-142.5921478,-79.79026031,-60.71061707,0.019392949,0.0658448,0.20346165
114,2345475906,-142.592514,-79.78726196,-60.70068359,-0.01714621,0.02709698,0.18673325
115,2345492573,-142.6029053,-79.78770447,-60.68699646,-0.06399514,-0.020788549,0.16880989
116,2345509240,-142.6062469,-79.78779602,-60.68839645,-0.09093207,-0.018224688,0.16754627
117,2345525907,-142.5881958,-79.78827667,-60.72320938,-0.072373845,-0.023060614,0.17487717
118,2345542574,-142.5615997,-79.7897644,-60.77285767,-0.059055742,0.01263664,0.17186737
119,2345559241,-142.5264893,-79.79332733,-60.82112122,-0.018369524,0.04291376,0.17686844
120,2345575908,-142.4770355,-79.79734039,-60.86738968,0.00489735,0.0804422,0.19680882
121,2345592575,-142.4246979,-79.80231476,-60.90703201,0.008340931,0.06274657,0.20023346
122,2345609242,-142.3785248,-79.80643463,-60.93482208,0.013512839,-0.006135989,0.16991806
123,2345625909,-142.3399811,-79.80879211,-60.95946503,0.05210534,-0.05846786,0.1587286
124,2345642576,-142.3256836,-79.80818176,-60.97367859,0.030951865,-0.064746395,0.1488514
125,2345659243,-142.3255157,-79.80484009,-60.98163605,0.017504683,-0.018306047,0.1617899
126,2345675910,-142.3243256,-79.80117035,-60.98953247,0.022585258,0.002705066,0.17645264
127,2345692577,-142.3352051,-79.79550171,-60.98038864,0.008008204,5.06E-04,0.17976093
128,2345709244,-142.3421478,-79.79032135,-60.97027206,-0.028329652,-0.031079086,0.15216827
129,2345725911,-142.3534851,-79.7832489,-60.9577713,-0.04610058,-0.02650439,0.1624775
130,2345742578,-142.3502808,-79.77606964,-60.96519089,-0.016666047,-0.007437058,0.16985989
131,2345759245,-142.3483429,-79.76707458,-60.97132492,-0.006803581,0.001612199,0.18639278
132,2345775912,-142.336731,-79.76096344,-60.98839188,-0.016211981,0.030198555,0.16338444
133,2345792579,-142.3464661,-79.75579071,-60.99095917,-0.03150285,0.016298229,0.15073872
134,2345809246,-142.3456116,-79.75081635,-61.00716782,-0.014706356,0.05984129,0.17457676
135,2345825913,-142.3470306,-79.74640656,-61.0122757,0.016161704,0.07547792,0.20923042
136,2345842580,-142.346283,-79.74573517,-61.00410843,0.004073789,0.057833977,0.21460533
137,2345859247,-142.3352661,-79.74813843,-60.99738693,-0.028231977,0.026081,0.17094994
138,2345875914,-142.3091583,-79.74915314,-61.0026207,-0.044916704,0.027331332,0.16164494
139,2345892581,-142.2606506,-79.751091,-61.02479553,-0.06604204,0.010179507,0.19004917
140,2345909248,-142.1980438,-79.754776,-61.06401062,-0.06306908,0.026404032,0.19482708
141,2345925915,-142.125824,-79.76153564,-61.11347198,-0.051891383,0.03474442,0.17681408
142,2345942582,-142.0405273,-79.76779938,-61.16628265,-0.037004527,0.002288214,0.14006424
143,2345959249,-141.9493256,-79.772789,-61.22089767,-0.03615424,-0.037131816,0.17960835
144,2345975916,-141.8639069,-79.77792358,-61.28280258,-0.018575603,-0.054772854,0.18655968
145,2345992583,-141.7994232,-79.7811203,-61.34199905,-0.004247347,-0.088107295,0.15078545
146,2346009250,-141.7437134,-79.78234863,-61.40411758,0.028018452,-0.021286536,0.12957
147,2346025917,-141.701355,-79.78013611,-61.44987488,0.035189614,0.02340583,0.16888428
148,2346042584,-141.6767883,-79.77745819,-61.47363663,0.03420743,0.030998956,0.18116856
149,2346059251,-141.6556396,-79.77713013,-61.48984528,0.011385107,0.047823224,0.18808556
150,2346075918,-141.6391602,-79.77825165,-61.49842453,-0.010859698,0.027797803,0.1622057
151,2346092585,-141.630722,-79.77801514,-61.50536346,-0.042476766,-0.016372493,0.15966797
152,2346109252,-141.6240234,-79.7767868,-61.52339935,-0.03955295,-0.017543923,0.20381546
153,2346125919,-141.6100006,-79.77670288,-61.55263519,-0.020780852,0.012580706,0.18916893
154,2346142586,-141.5928802,-79.77838135,-61.58040619,-0.010614015,0.042982772,0.16510677
155,2346159253,-141.569519,-79.78157806,-61.60424423,-0.008050908,0.041505296,0.17158794
156,2346175920,-141.5422516,-79.78294373,-61.62720108,-0.012858518,0.013456151,0.18647671
157,2346192587,-141.5136261,-79.7861557,-61.6511879,-0.047426432,-0.0057126,0.19445705
158,2346209254,-141.4835663,-79.78941345,-61.68800735,-0.04447299,-0.022244848,0.19236374
159,2346225921,-141.4395447,-79.79342651,-61.74239731,-0.01379677,-0.026549315,0.15684032
160,2346242588,-141.3994446,-79.79512024,-61.79595184,0.004250448,0.01953548,0.14457989
161,2346259255,-141.3723145,-79.79647064,-61.83338165,0.027531361,0.019536206,0.1610384
162,2346275922,-141.352829,-79.79702759,-61.8628273,0.033014372,0.022565812,0.18623066
163,2346292589,-141.3589783,-79.79711151,-61.86649323,0.0283206,0.028368488,0.16283989
164,2346309256,-141.3665161,-79.79647064,-61.8713913,-0.007534622,0.011215825,0.16939831
165,2346325923,-141.3877106,-79.79624176,-61.85873413,-0.003442393,0.06597069,0.20665455
166,2346342590,-141.4098816,-79.79689789,-61.8433342,-0.007768961,0.06606395,0.2029829
167,2346359257,-141.4343414,-79.79932404,-61.823452,-0.003058747,0.03828615,0.1769638
168,2346375924,-141.4632111,-79.80125427,-61.79831696,-0.003113102,-0.006930019,0.14198112
169,2346392591,-141.480896,-79.80292511,-61.78163147,-0.026739553,0.008897771,0.16210747
170,2346409258,-141.5007782,-79.80453491,-61.76536179,-0.03523542,-0.005149236,0.1922884
171,2346425925,-141.5167236,-79.80755615,-61.75581741,-0.030238314,0.012310367,0.18371964
172,2346442592,-141.5294647,-79.81145477,-61.74790955,-0.018798096,0.007258025,0.17733765
173,2346459259,-141.5384064,-79.81445313,-61.74110031,-0.004319528,0.008758634,0.18367386
174,2346475926,-141.5512085,-79.81678772,-61.72694016,0.0189633,0.007188847,0.1788292
175,2346492593,-141.5612793,-79.81924438,-61.71435165,-0.001369883,0.009039031,0.17407513
176,2346509260,-141.5757751,-79.82157898,-61.69739151,-0.017819222,0.004277926,0.17360592
177,2346525927,-141.6015472,-79.8253479,-61.67058563,-0.014380936,0.016404845,0.18140125
178,2346542594,-141.62146,-79.83033752,-61.64770889,-0.012575579,0.012829923,0.17759895
179,2346559261,-141.6433411,-79.83517456,-61.63053131,-0.0088927,0.018770786,0.1859932
180,2346575928,-141.6808319,-79.84085083,-61.60321045,-0.00455546,0.024931977,0.1870718
181,2346592595,-141.7250671,-79.84620667,-61.56832886,0.007203096,0.034993075,0.17004585
182,2346609262,-141.7742615,-79.85033417,-61.52342987,0.003928268,0.011804837,0.15643024
183,2346625929,-141.8168182,-79.85423279,-61.48371124,-2.19E-04,-0.026614359,0.17586422
184,2346642596,-141.8638458,-79.85786438,-61.44063187,-0.042197987,-0.014300414,0.18680382
185,2346659263,-141.8964996,-79.86299896,-61.40625,-0.06290149,0.03202801,0.17673302
186,2346675930,-141.903595,-79.86862946,-61.38469315,-0.03809865,0.03866601,0.17656136
187,2346692597,-141.897995,-79.87414551,-61.36730957,-0.039173383,0.003173437,0.20452881
188,2346709264,-141.9009705,-79.88090515,-61.3496666,-0.023619732,-0.019060627,0.18552876
189,2346725931,-141.9057922,-79.89107513,-61.3322525,-0.010850576,0.021724453,0.14875889
190,2346742598,-141.9053802,-79.90258789,-61.3138504,-0.005747412,0.06096327,0.16358662
191,2346759265,-141.8861542,-79.91199493,-61.30224609,-0.038067777,0.023526248,0.19759655
192,2346775932,-141.864502,-79.92358398,-61.29030609,-0.05909972,-0.006309994,0.17711353
193,2346792599,-141.8400726,-79.93546295,-61.2889328,-0.055052903,-0.03239049,0.16413689
194,2346809266,-141.815567,-79.94636536,-61.2951622,-0.045181103,5.98E-04,0.17775345
195,2346825933,-141.7765198,-79.95850372,-61.31510925,-0.07230407,0.04205117,0.1757555
196,2346842600,-141.7262573,-79.9732666,-61.33776855,-0.07497975,0.043595307,0.16876793
197,2346859267,-141.6543732,-79.98939514,-61.37069321,-0.057199076,0.010092393,0.16287231
198,2346875934,-141.5673065,-80.00284576,-61.42420578,-0.07193162,-0.0368926,0.16601086
199,2346892601,-141.4628143,-80.01750946,-61.50239944,-0.039362963,-0.040839616,0.19920635
200,2346909268,-141.35289,-80.03382111,-61.6008606,-0.04354277,-0.016842036,0.22505665
201,2346925935,-141.2626495,-80.05055237,-61.69058228,-0.006551249,-0.025851285,0.188694
202,2346942602,-141.187439,-80.0666275,-61.77422714,0.024514286,-0.005629342,0.13366508
203,2346959269,-141.1175079,-80.07909393,-61.85308838,0.07546347,-0.01095314,0.16088104
204,2346975936,-141.0619659,-80.08918762,-61.91478348,0.1100956,-0.03427113,0.20936108
205,2346992603,-141.0211487,-80.09738159,-61.96256256,0.09476022,-0.016494697,0.20675945
206,2347009270,-141.0198212,-80.10449219,-61.97704315,0.07008205,0.008445493,0.14739418
207,2347025937,-141.0483856,-80.10980225,-61.96781921,0.047821447,-0.05277029,0.15890598
208,2347042604,-141.0750732,-80.1132431,-61.97254562,-2.09E-04,-0.020178415,0.15396976
209,2347059271,-141.1149292,-80.11451721,-61.95941925,-0.019161304,0.028185654,0.15853596
210,2347075938,-141.1491699,-80.11933136,-61.94155121,-0.0389694,0.048612837,0.15098
211,2347092605,-141.1554565,-80.12295532,-61.937603,-0.011678091,0.022428464,0.175951
212,2347109272,-141.1580658,-80.12560272,-61.94473648,-0.043265752,-0.055356726,0.19049549
213,2347125939,-141.1664429,-80.12896729,-61.96875,-0.080339216,-0.09052202,0.17660522
214,2347142606,-141.182312,-80.13321686,-62.00006485,-0.046296768,-0.041933935,0.13584042
215,2347159273,-141.1833801,-80.1335907,-62.04582214,0.020785658,0.014016498,0.1541357
216,2347175940,-141.1710205,-80.13207245,-62.09399414,0.028919546,0.032964192,0.2036953
217,2347192607,-141.1738434,-80.1314621,-62.11997604,0.025117869,0.021479595,0.21159267
218,2347209274,-141.2031097,-80.13398743,-62.11633682,0.018839488,0.020297378,0.1455288
219,2347225941,-141.230957,-80.13564301,-62.11038208,-0.026040278,-0.001420816,0.13995361
220,2347242608,-141.2457428,-80.13578033,-62.11964417,-0.04619377,-0.033097073,0.17986584
221,2347259275,-141.241272,-80.13695526,-62.15086365,-0.032077756,0.002657737,0.248065
222,2347275942,-141.2290802,-80.14248657,-62.19319153,0.030597778,0.05569781,0.23017693
223,2347292609,-141.2454681,-80.15016937,-62.18993759,0.016245928,0.15945844,0.11276722
224,2347309276,-141.2623444,-80.15897369,-62.1558342,-0.051976528,0.1693048,0.060094833
225,2347325943,-141.2318878,-80.16712952,-62.15431976,-0.111164436,0.04777718,0.20488071
226,2347342610,-141.1742401,-80.17721558,-62.19996643,-0.09950611,-0.086607635,0.29418278
227,2347359277,-141.1231995,-80.19185638,-62.26896286,-0.03539508,-0.13063288,0.22780609
228,2347375944,-141.0892181,-80.20571899,-62.32859802,0.029648533,-0.050827853,0.09514046
229,2347392611,-141.0307312,-80.21154022,-62.38916016,0.05988176,0.011373065,0.12301445
230,2347409278,-140.9564209,-80.21246338,-62.44571686,0.016467651,-0.02325792,0.18646431
231,2347425945,-140.8834534,-80.21173096,-62.50381851,-6.69E-04,-0.061186224,0.20481777
232,2347442612,-140.822876,-80.21274567,-62.55656433,0.017172402,-0.03291139,0.13792515
233,2347459279,-140.7716827,-80.21482086,-62.59965515,-0.009660677,0.006982377,0.11097145
234,2347475946,-140.7165833,-80.21250916,-62.64474106,-0.05231948,-0.01135647,0.119950294
235,2347492613,-140.6411285,-80.20895386,-62.72512436,-0.032506578,-0.06063247,0.22837639
236,2347509280,-140.5697784,-80.20837402,-62.82569122,-0.024571227,-0.07970634,0.26694775
237,2347525947,-140.5273285,-80.21574402,-62.92834473,-0.03982832,-0.030384518,0.13907146
238,2347542614,-140.4888153,-80.22084808,-63.02359772,-0.004699053,0.07470418,0.10951042
239,2347559281,-140.3888397,-80.22109222,-63.13579178,0.10854847,0.1721618,0.23099613
240,2347575948,-140.3077087,-80.22402954,-63.19713974,0.110082,0.11862011,0.28447437
241,2347592615,-140.2532043,-80.23258209,-63.21993637,0.06657591,0.06352031,0.20481205
242,2347609282,-140.2165833,-80.24502563,-63.22185898,0.012624361,0.025013614,0.11866951
243,2347625949,-140.1654053,-80.25837708,-63.24042892,-0.09100802,0.057448808,0.10914993
244,2347642616,-140.1213531,-80.27245331,-63.25810623,-0.14098307,0.095733225,0.19599724
245,2347659283,-140.0518494,-80.29473114,-63.29800034,-0.12177701,0.13148172,0.24692059
246,2347675950,-139.9313202,-80.32688141,-63.38512039,-0.10461812,0.13348825,0.19502258
247,2347692617,-139.8102417,-80.36314392,-63.4695549,-0.12605226,0.09031846,0.12459087
248,2347709284,-139.6555481,-80.40253448,-63.58165741,-0.1274604,0.070788,0.15065384
249,2347725951,-139.4674072,-80.44420624,-63.7352829,-0.09358193,-0.015877131,0.24107742
250,2347742618,-139.2766113,-80.49215698,-63.91254807,-0.079180695,-0.059212774,0.19236279
251,2347759285,-139.0837097,-80.53894806,-64.09734344,0.051244885,-0.059216462,0.1216259
252,2347775952,-138.9062653,-80.58157349,-64.27166748,0.06249541,-0.032460786,0.14112663
253,2347792619,-138.7451172,-80.62368011,-64.43586731,0.06941605,-0.008693146,0.15811157
254,2347809286,-138.6023407,-80.66465759,-64.58182526,0.057740312,-0.07034311,0.13539505
255,2347825953,-138.4635162,-80.70349884,-64.73561859,0.06606606,-0.055294033,0.18767452
256,2347842620,-138.3367004,-80.74037933,-64.88392639,0.06384842,-0.013922902,0.16509438
257,2347859287,-138.2634277,-80.78034973,-64.98249817,0.025356414,0.038442943,0.13169861
258,2347875954,-138.2222748,-80.82506561,-65.04194641,0.038470294,0.15104984,0.109482765
259,2347892621,-138.190506,-80.87215424,-65.07061768,0.038055483,0.17924325,0.15608978
260,2347909288,-138.1650543,-80.92279816,-65.0750351,-0.04418369,0.06262783,0.20216179
261,2347925955,-138.1369171,-80.98065186,-65.10201263,-0.06281112,0.03824385,0.22140312
262,2347942622,-138.1461792,-81.04441833,-65.11515045,-0.04587493,0.07717662,0.22193146
263,2347959289,-138.1672668,-81.11460114,-65.10769653,-0.036338724,0.08950269,0.14946365
264,2347975956,-138.1848755,-81.19119263,-65.07874298,0.037071425,0.14400314,0.15833378
265,2347992623,-138.2049408,-81.26572418,-65.02909851,0.14887193,0.09397546,0.18315887
266,2348009290,-138.2256927,-81.33583069,-64.97340393,0.15368919,0.003624654,0.2602682
267,2348025957,-138.2376862,-81.40129089,-64.92682648,0.09368242,-0.028738905,0.29076767
268,2348042624,-138.2749786,-81.47013855,-64.84739685,0.15532032,-0.028602226,0.19198704
269,2348059291,-138.3815918,-81.53912354,-64.68599701,0.1486572,0.078440584,0.03681755
270,2348075958,-138.5308228,-81.60768127,-64.44384766,0.043872546,0.12286211,-0.018321037
271,2348092625,-138.6119995,-81.68544006,-64.25035095,-0.04909969,0.12288575,0.13786411
272,2348109292,-138.5514832,-81.76822662,-64.20529175,-0.09797578,0.04729836,0.36415482
273,2348125959,-138.4901428,-81.84190369,-64.20294189,0.021594075,-0.1566381,0.34894276
274,2348142626,-138.5349426,-81.8998642,-64.14080811,0.18811196,-0.24495645,0.124144554
275,2348159293,-138.6845703,-81.93868256,-63.98963928,0.31221357,-0.13555865,-0.045754433
276,2348175960,-138.8942108,-81.95785522,-63.73013306,0.3348499,0.10411714,0.009057045
277,2348192627,-139.1276245,-81.96437836,-63.36389923,0.14033765,0.2752285,0.18737793
278,2348209294,-139.3506012,-81.98293304,-62.9294281,-0.23279814,0.20588142,0.21394444
279,2348225961,-139.4572754,-82.0160141,-62.58811188,-0.585241,-0.109289736,0.19072056
280,2348242628,-139.3152008,-82.05853271,-62.5632782,-0.7690702,-0.49076092,0.23892975
281,2348259295,-138.867218,-82.12094879,-62.98071671,-0.8251795,-0.60144234,0.27823257
282,2348275962,-138.1759644,-82.20814514,-63.77855301,-0.72896326,-0.29190478,0.27088833
283,2348292629,-137.2323608,-82.33648682,-64.87958527,-0.48248854,0.4307311,0.29642487
284,2348309296,-136.0292664,-82.4862442,-66.11950684,-0.246754,0.71876323,0.21593761
285,2348325963,-134.6694946,-82.64289093,-67.41052246,-0.029952481,0.41004133,0.22402191
286,2348342630,-133.2366333,-82.78172302,-68.77624512,0.046005014,-0.3719411,0.11529255
287,2348359297,-131.724884,-82.91124725,-70.39801025,-0.08227677,-0.9069484,0.16911793
288,2348375964,-130.1412811,-83.02945709,-72.31427002,-0.070179604,-1.0026889,0.23844719
289,2348392631,-128.7214661,-83.12049103,-74.18071747,0.35725263,-0.43804717,0.15944481
290,2348409298,-127.6433716,-83.1926651,-75.65157318,1.1825657,0.5700606,0.01107502
291,2348425965,-127.2123718,-83.24785614,-76.27318573,2.062559,1.0678426,-0.14311886
292,2348442632,-127.8202133,-83.27996826,-75.63143921,2.1332037,0.9597583,-0.20679379
293,2348459299,-129.1531525,-83.26839447,-74.05879974,1.2744513,-0.28933752,-0.18769741
294,2348475966,-131.1575623,-83.18698883,-71.91158295,0.5395095,-1.4789284,-0.029202461
295,2348492633,-133.8640442,-83.02748871,-69.43414307,0.85777867,-2.0807316,0.015151978
296,2348509300,-137.2301788,-82.76096344,-66.62468719,1.636709,-2.1188343,-0.1485405
297,2348525967,-140.899231,-82.36953735,-63.56161118,1.7949656,-1.3409977,-0.2175026
298,2348542634,-144.6235046,-81.86856079,-60.2287674,1.8642358,-0.3006641,-0.325943
299,2348559301,-148.1371765,-81.27352905,-56.76272583,1.7297398,0.23393455,-0.41487694
300,2348575968,-151.3600464,-80.59447479,-53.35022736,1.259028,-0.21639949,-0.51831436
301,2348592635,-154.4614258,-79.81074524,-50.14005661,0.8511376,-0.6021915,-0.35680962
302,2348609302,-157.3281555,-78.91855621,-47.4239502,0.29488003,-0.70641273,0.12452412
303,2348625969,-159.9727783,-78.0043335,-45.20152283,0.0662833,-0.28547537,0.12308407
304,2348642636,-162.5886078,-77.08338165,-43.11706161,0.3261948,0.37206748,-0.46960735
305,2348659303,-165.1311493,-76.17900848,-41.10087585,0.18633202,0.92051053,-0.7118721
306,2348675970,-167.4608459,-75.27510071,-39.21458054,-0.050993208,1.2429745,-0.41110992
307,2348692637,-169.5516815,-74.36923218,-37.38682175,-0.016497303,1.074324,-0.09469223
308,2348709304,-171.4210815,-73.41770172,-35.58518219,0.37469617,0.9057783,-0.11503506
309,2348725971,-172.954483,-72.39294434,-33.91719818,0.9953615,0.7159246,-0.090379715
310,2348742638,-174.0688629,-71.36579895,-32.32860565,0.9975469,0.5800958,-0.19857883
311,2348759305,-174.7415466,-70.35826874,-30.78787422,-0.41886565,0.273981,-0.60441494
312,2348775972,-175.1768341,-69.37663269,-29.42573547,-1.4324253,0.016012691,-0.4832983
313,2348792639,-175.6590881,-68.4208374,-28.34228706,-1.6872044,0.12011072,-0.13190174
314,2348809306,-176.3260651,-67.41188812,-27.46960831,-0.47485393,0.047869433,-0.035752296
315,2348825973,-177.0269165,-66.36949158,-26.67186546,0.6564036,-0.2695073,-0.12177944
316,2348842640,-177.5598602,-65.38058472,-25.97037125,-0.24765295,-0.3727126,0.1874628
317,2348859307,-177.9282532,-64.45729828,-25.41541862,-1.2243954,-0.50592875,0.6186218
318,2348875974,-178.3349915,-63.58969116,-25.00737572,-1.2231343,-0.53811,0.57376957
319,2348892641,-179.0293121,-62.7690239,-24.60641289,-0.47441888,0.13789956,0.25609875
320,2348909308,-179.8550873,-61.94556046,-24.13464737,0.18930449,0.7483026,-0.28892708
321,2348925975,179.6577148,-61.06118011,-23.69111824,0.7069331,0.73137015,-0.3978157
322,2348942642,179.6461945,-60.20443726,-23.35111046,0.29790512,0.38871318,0.013766289
323,2348959309,179.892334,-59.40341187,-23.03809929,-0.5146253,0.05914203,0.18421364
324,2348975976,-179.9412994,-58.60255814,-22.65100861,-0.8954166,0.08226719,0.10489273
325,2348992643,-179.8797607,-57.79587936,-22.30014038,-0.9188323,-0.1902934,0.38716412
326,2349009310,-179.9342804,-57.04302979,-22.04005241,-0.9803209,-0.51065665,0.75790596
327,2349025977,179.8251801,-56.35883331,-21.86808014,-0.6771791,-0.35062337,0.6633358
328,2349042644,179.4664764,-55.74063492,-21.76519966,-0.13881171,0.09353782,0.61604786
329,2349059311,179.1238098,-55.20375443,-21.64185143,-0.08439523,0.65951586,0.6880255
330,2349075978,178.7584991,-54.70046616,-21.39242935,-0.23252843,1.1504728,0.7132721
331,2349092645,178.3331604,-54.23396683,-21.02166367,-0.23967825,1.1597936,0.88484955
332,2349109312,177.8043365,-53.79010773,-20.47430229,-0.22971356,0.851883,0.7567396
333,2349125979,177.158432,-53.38538742,-19.75976944,-0.59931314,0.93413675,0.110871315
334,2349142646,176.6413116,-52.98972321,-19.13183403,-1.0782446,0.28248098,-0.2124958
335,2349159313,176.3437958,-52.62737274,-18.74760246,-1.1791191,-0.77439106,0.15877724
336,2349175980,176.0449982,-52.34633636,-18.58403015,-1.1072236,-1.0628766,0.6952381
337,2349192647,175.5784912,-52.11211777,-18.5166626,-0.7028839,-0.4277021,0.689765
338,2349209314,175.2125702,-51.84907532,-18.44693375,0.36407936,-0.003898792,0.2466116
339,2349225981,175.1323395,-51.58303833,-18.36062813,0.30809745,0.3901131,0.027932167
340,2349242648,175.4300842,-51.32399368,-18.29861641,-0.10163617,-0.116702594,0.19773006
341,2349259315,175.8700714,-51.11061859,-18.31890488,-0.34574634,-0.5246726,0.5057583
342,2349275982,176.1114502,-50.92722702,-18.34758377,-0.58247834,-0.4884543,0.28684235
343,2349292649,176.0858917,-50.75828552,-18.34128189,-0.42172173,-0.0883179,0.1302824
344,2349309316,175.9629364,-50.61700821,-18.32297707,-0.15230122,0.34297615,0.18885899
345,2349325983,175.9287415,-50.51745605,-18.31300735,-0.19357856,0.44639555,0.3681755
346,2349342650,175.907959,-50.41139984,-18.26265717,-0.12649813,0.46654916,0.37075615
347,2349359317,175.7632599,-50.29100418,-18.12190056,-0.041967623,0.50511634,0.30874825
348,2349375984,175.5901947,-50.17189407,-17.91913986,-0.19697519,0.21631858,0.26287365
349,2349392651,175.4627686,-50.08183289,-17.75038528,-0.4802268,-0.20808698,0.29622746
350,2349409318,175.3730164,-50.04614258,-17.6599865,-0.5820936,-0.46081695,0.5917187
351,2349425985,175.2474213,-50.07634354,-17.62935638,-0.5854485,-0.24909323,0.86134434
352,2349442652,175.2171173,-50.13244247,-17.63186073,-0.544698,-0.33301708,0.70861435
353,2349459319,175.2978668,-50.19926453,-17.67064476,-0.6204011,-0.34378046,0.4702158
354,2349475986,175.3600922,-50.3123436,-17.73826599,-0.70336145,-0.006226736,0.52215385
355,2349492653,175.4487915,-50.4908371,-17.81258011,-0.60645777,0.38696843,0.56509113
356,2349509320,175.6564636,-50.71323395,-17.92737579,-0.4983133,0.47619462,0.5044317
357,2349525987,175.9518738,-50.97423553,-18.08103561,-0.49765703,0.13415913,0.5821161
358,2349542654,176.143631,-51.28570938,-18.20564079,-0.5887863,-0.05789578,0.81631756
359,2349559321,176.1470337,-51.6341362,-18.2603817,-0.48080832,0.06273472,0.7027283
360,2349575988,176.1030579,-52.01135635,-18.29872894,-0.2941071,0.07272553,0.5216389
361,2349592655,176.0687561,-52.42581177,-18.35240173,-0.28663978,-0.014489786,0.46379852
362,2349609322,176.0145264,-52.89111328,-18.38236237,-0.6071843,0.33295313,0.33257294
363,2349625989,175.9611969,-53.38256454,-18.3998642,-0.51009446,0.5768719,0.2223711
364,2349642656,176.0098572,-53.90904617,-18.42993355,-0.36804008,0.5198291,0.43039322
365,2349659323,176.1831512,-54.48189545,-18.46761703,-0.37781698,0.23608148,0.64494514
366,2349675990,176.4208221,-55.10636139,-18.53693008,-0.46530205,-0.020779217,0.85647964
367,2349692657,176.6394348,-55.73831177,-18.61873055,-0.09346334,-0.31466708,0.45427227
368,2349709324,176.8317566,-56.4321785,-18.64824104,-0.8210075,0.002462107,0.24799728
369,2349725991,177.0839691,-57.13722229,-18.69472694,-1.2560445,0.24175994,0.105335236
370,2349742658,177.3674316,-57.8800087,-18.83579636,-1.0637068,0.5155157,0.58601475
371,2349759325,177.646286,-58.71190262,-19.02206993,-0.6292577,0.6901154,0.76447296
372,2349775992,178.0431671,-59.60837936,-19.21072769,-0.53066206,0.7074442,0.6860428
373,2349792659,178.700531,-60.53808975,-19.46141624,-0.685825,0.11120161,0.7395134
374,2349809326,179.5724182,-61.51481628,-19.84649277,-1.2960451,-0.5923915,0.92080975
375,2349825993,-179.5603638,-62.56568146,-20.36466217,-1.9141153,-0.60932,0.82682705
376,2349842660,-178.7794342,-63.67296219,-21.02293396,-1.9522296,-0.29324633,0.506979
377,2349859327,-177.9416962,-64.83412933,-21.87582207,-1.5240161,0.11348093,0.24462509
378,2349875994,-176.847229,-66.03842163,-22.96267128,-0.64195883,0.3158824,-0.14670849
379,2349892661,-175.4653015,-67.27542877,-24.2511158,-0.07913792,0.3801311,-0.305439
380,2349909328,-173.7686462,-68.52509308,-25.75609398,0.016759532,0.1794837,-0.21271706
381,2349925995,-171.7780609,-69.7767334,-27.47659302,-0.59944844,0.057666063,-0.14024734
382,2349942662,-169.6625214,-71.01995087,-29.33778763,-0.93384045,0.00885536,-0.5188513
383,2349959329,-167.5539246,-72.20913696,-31.27872849,-0.021832123,-0.10988562,-1.0213022
384,2349975996,-165.4940186,-73.35720062,-33.36784363,0.94256276,-0.008865474,-1.185751
385,2349992663,-163.3612213,-74.45159149,-35.64241791,1.4615606,-0.16916686,-1.1907797
386,2350009330,-161.0774078,-75.4576416,-38.10007477,1.9184922,-0.15945224,-1.2247267
387,2350025997,-158.7770996,-76.33322144,-40.58066177,2.3225834,-0.091367625,-1.0312643
388,2350042664,-156.6468658,-77.04351044,-42.87104797,2.4479952,-0.13059622,-0.8262558
389,2350059331,-154.7937317,-77.63467407,-44.88726044,2.2307308,0.009281292,-0.7111721
390,2350075998,-153.1556702,-78.12203979,-46.58369064,2.1391082,0.48076135,-0.584754
391,2350092665,-151.8334045,-78.51425171,-47.69544983,1.88813,0.4961581,-0.21553612
392,2350109332,-150.4878845,-78.85269165,-48.60132599,1.5102149,0.14076091,0.25108337
393,2350125999,-149.1051636,-79.13420105,-49.4145813,0.6996894,-0.28993213,0.3267212
394,2350142666,-147.9570007,-79.36643982,-49.99047089,0.41602275,-0.5831552,0.13602448
395,2350159333,-147.0657806,-79.56417847,-50.42200089,0.33200815,-0.52235144,0.16875362
396,2350176000,-146.2133026,-79.74671173,-50.93450928,0.19858706,-0.65708673,0.19053555
397,2350192667,-145.2182922,-79.89137268,-51.66536331,0.16478077,-0.6214123,0.073005676
398,2350209334,-144.1731873,-80.00559998,-52.50846481,0.18016547,-0.36643612,0.009730339
399,2350226001,-143.3118439,-80.10995483,-53.27812576,-0.07041714,-0.30885512,0.0365963
400,2350242668,-142.5328522,-80.22416687,-54.06490326,-0.29437566,-0.4168636,-0.02036953
401,2350259335,-141.6872406,-80.34584045,-55.00352097,0.003018682,-0.39623353,-0.025709152
402,2350276002,-140.8895111,-80.44208527,-55.98654175,0.62689483,-0.33091354,-0.004149437
403,2350292669,-140.3460236,-80.50019836,-56.77544785,0.9289152,-0.19460595,0.019572258
404,2350309336,-140.0778198,-80.53523254,-57.30109406,0.81574166,0.067741215,-0.009140015
405,2350326003,-139.9746399,-80.55672455,-57.59716797,0.44763896,0.18270814,-0.09730625
406,2350342670,-139.9242249,-80.57022095,-57.78447342,-0.02892553,0.017852176,0.02747345
407,2350359337,-139.8554382,-80.57978058,-58.02339935,-0.19325277,-0.1841322,0.23202324
408,2350376004,-139.7513428,-80.59299469,-58.34953308,0.19953233,0.033920802,0.41985703
409,2350392671,-139.6580811,-80.61977386,-58.63606644,0.45675197,0.33220977,0.36084366
410,2350409338,-139.6623993,-80.6491394,-58.73152542,0.1682739,0.4336286,0.20393753
411,2350426005,-139.7272186,-80.68229675,-58.71618652,-0.19411586,0.6543389,0.11406803
412,2350442672,-139.7212219,-80.72807312,-58.68958282,-0.3315244,0.5926425,0.13284874
413,2350459339,-139.6958618,-80.78527069,-58.62532425,-0.34975517,0.2271822,0.05196953
414,2350476006,-139.6023407,-80.85873413,-58.59907532,-0.22056144,0.00529424,0.082826614
415,2350492673,-139.402832,-80.9569931,-58.69133759,-0.09203284,-0.140843,0.08136749
416,2350509340,-139.1704865,-81.06458282,-58.82249832,-0.110082366,-0.227415,0.124783516
417,2350526007,-139.0818329,-81.18650818,-58.89212418,0.24734236,-0.027133858,0.18670464
418,2350542674,-139.1875153,-81.33748627,-58.92865372,0.8692353,0.16108489,0.039149284
419,2350559341,-139.49086,-81.52069092,-58.90898895,1.0350715,-0.024120847,-0.020783424
420,2350576008,-140.328537,-81.66887665,-58.528965,0.23595017,-0.23457456,0.15043736
421,2350592675,-141.7535248,-81.69993591,-57.61473465,-0.072816625,-0.65144753,0.42377663
422,2350609342,-143.3872528,-81.67900085,-56.58517075,0.36870167,-0.39506277,0.24111366
423,2350626009,-145.307251,-81.68837738,-55.34122086,0.90957516,0.115668096,-0.5582628
424,2350642676,-147.6004333,-81.65651703,-53.54481888,1.0189313,0.32568273,-0.78693295
425,2350659343,-149.8759918,-81.53034973,-51.46378708,1.2361405,0.28619945,-0.17044258
426,2350676010,-152.1242981,-81.31653595,-49.26211166,1.2297893,0.03181651,0.2802906
427,2350692677,-154.746933,-81.00988007,-46.73331451,0.9784065,-0.37651086,0.11627197
428,2350709344,-157.959137,-80.57537079,-43.79421234,1.2634565,-1.0431521,-0.15455818
429,2350726011,-161.3126373,-80.03242493,-40.93469238,0.97241646,-1.1446474,-0.28529835
430,2350742678,-164.408432,-79.39796448,-38.48630142,0.6327843,-1.0190874,-0.36843395
431,2350759345,-167.1567078,-78.76580048,-36.48792648,0.22801094,-0.9515875,-0.15169525
432,2350776012,-169.815979,-78.10266113,-34.64392853,-0.4245571,-0.7227885,-0.18716526
433,2350792679,-172.4700623,-77.40570068,-32.84120941,0.04676986,-0.42615712,-0.40032673
434,2350809346,-174.9289551,-76.58587646,-31.1531105,1.0005004,-0.20247558,-0.43940067
435,2350826013,-177.0815582,-75.74588013,-29.60691261,1.5491201,0.70132196,-0.18227386
436,2350842680,-178.7102814,-74.86969757,-28.18702316,1.7197453,0.9587804,-0.6133585
437,2350859347,-179.8424072,-73.95464325,-26.84577179,0.73589563,0.48950857,-0.46744156
438,2350876014,179.0338745,-72.95729828,-25.5239048,-0.066718474,0.27196375,-0.14101982
439,2350892681,177.8681335,-71.89063263,-24.25395966,-0.07134933,-0.43159547,-0.15742493
440,2350909348,176.776001,-70.85570526,-23.22853088,-0.08426469,-0.44821706,-0.37722397
441,2350926015,175.8806,-69.83879852,-22.48011017,-0.12476085,-0.5118228,-0.12543678
442,2350942682,175.1573029,-68.8401413,-21.85359955,-0.3995569,-0.14071324,-0.027445793
443,2350959349,174.545517,-67.81575012,-21.28490257,0.7974663,-0.05766612,-0.6662388
444,2350976016,174.3388519,-66.8494339,-20.87322998,0.85292745,-0.09294507,-0.64403534
445,2350992683,174.5670471,-65.85543823,-20.66971016,-1.0707843,0.15365621,0.50643826
446,2351009350,174.7515106,-64.91782379,-20.53845406,-1.6016412,0.24099658,0.55743027
447,2351026017,174.6855164,-63.98062134,-20.51891899,-0.56175786,0.7811376,-0.11917591
448,2351042684,174.6989594,-63.0084877,-20.47461891,0.74010205,0.5778577,-0.43729877
449,2351059351,174.8826447,-62.07825089,-20.35001183,-0.5705338,0.8434824,0.23122406
450,2351076018,175.1086731,-61.17589951,-20.20449829,-1.1128203,0.8342216,1.1796894
451,2351092685,175.4388885,-60.32171249,-20.1197052,-0.97037023,0.4762871,1.1188726
452,2351109352,175.8128662,-59.46512222,-20.07946587,-0.0727224,-0.32447168,0.017762184
453,2351126019,176.1908112,-58.6227417,-20.06080437,-0.050639767,-1.2306921,-0.5914364
454,2351142686,176.4978485,-57.90083313,-20.1601944,-1.6713467,-1.2794061,0.80084324
455,2351159353,176.6695099,-57.33811188,-20.38760185,-1.7208227,-0.91192394,1.426506
456,2351176020,176.6870117,-56.82759476,-20.64665222,-0.4783565,-0.14418218,0.33381653
457,2351192687,176.7760315,-56.24846649,-20.90847015,0.8329149,0.3146784,-0.63227177
458,2351209354,177.2013092,-55.63697052,-21.16856194,0.8711808,-0.15717934,-0.6112404
459,2351226021,177.7555695,-55.0979805,-21.46639633,-0.51292044,-0.00707195,0.80315876
460,2351242688,178.2221375,-54.68170547,-21.8296051,-0.9102105,0.27158725,1.6976519
461,2351259355,178.4648895,-54.28972626,-22.03736496,-0.829324,0.56048983,0.4377489
462,2351276022,178.5491791,-53.78630447,-22.06990623,0.109202124,0.23987606,-0.817832
463,2351292689,178.6323242,-53.27511978,-22.15943909,-0.014516454,-0.27303874,0.07999325
464,2351309356,178.5807037,-52.89784241,-22.3719101,-0.517822,-0.044209186,1.1188221
465,2351326023,178.4511566,-52.64321899,-22.58213997,-0.23209907,0.35191742,0.52286816
466,2351342690,178.4589844,-52.35342407,-22.74394417,-0.62824607,0.97005373,0.32181454
467,2351359357,178.5864105,-51.98620605,-22.81415749,0.03545959,0.29196095,-0.041627884
468,2351376024,178.6399078,-51.62940598,-22.85378838,-0.38441893,0.26573226,0.41809082
469,2351392691,178.535141,-51.33123016,-22.89868164,-0.32171395,0.7540158,0.4923334
470,2351409358,178.5239258,-51.10467911,-22.93235397,-0.01315083,1.0447086,0.34660816
471,2351426025,178.7793427,-50.92340851,-22.95523453,-0.045883905,0.4361438,0.5846958
472,2351442692,179.0071716,-50.75474167,-22.88511276,-0.63067293,0.38998893,0.48083115
473,2351459359,179.0808716,-50.57635498,-22.76072121,-0.4953531,0.31888494,0.43693256
474,2351476026,179.0276184,-50.40890884,-22.64697266,-0.26572007,0.2656606,0.37857533
475,2351492693,178.9220428,-50.27547455,-22.52006721,-0.49568623,0.047128096,0.41754436
476,2351509360,178.8323669,-50.22454453,-22.45137596,-0.45264128,-0.2102697,0.81121826
477,2351526027,178.7546234,-50.26347351,-22.4414196,-0.59602624,-0.08143136,0.8589573
478,2351542694,178.5382233,-50.29660416,-22.3523407,-0.54844755,0.3682863,0.15584564
479,2351559361,178.3082581,-50.30498886,-22.20960236,-0.13808551,0.61969066,0.23968697
480,2351576028,178.3334045,-50.37787247,-22.11219788,-0.15928367,0.093100354,0.80986214
481,2351592695,178.4297943,-50.51635361,-22.03047943,-0.5403979,-0.18075643,0.64323044
482,2351609362,178.3961945,-50.6781311,-21.93006516,-0.7387725,-0.041085705,0.38076305
483,2351626029,178.300293,-50.87382507,-21.85524178,-0.43510318,-0.33380687,0.56634235
484,2351642696,178.1193542,-51.11455917,-21.80096626,-0.67358065,-0.25593066,0.43018436
485,2351659363,177.9058228,-51.35137939,-21.76208687,-0.64048815,-0.2796293,0.06124592
486,2351676030,177.7370148,-51.61398697,-21.79353333,-0.31739867,-0.05387411,0.20625114
487,2351692697,177.5563507,-51.91904068,-21.85037041,-0.20334224,0.4053636,0.5164051
488,2351709364,177.4526367,-52.24011612,-21.86981773,0.060030427,0.5979714,0.36654472
489,2351726031,177.5182037,-52.5580368,-21.88088036,0.10603219,0.6155971,0.34140682
490,2351742698,177.6585999,-52.91002655,-21.86883545,0.027851222,0.63210154,0.49017525
491,2351759365,177.798111,-53.27859116,-21.73600197,-0.31517598,0.50292087,0.14482689
492,2351776032,177.8740845,-53.63735962,-21.54843521,-0.29944208,0.47322822,0.14054394
493,2351792699,177.8468781,-54.01531601,-21.38589287,-0.076784626,0.48818377,0.5646763
494,2351809366,177.7855682,-54.45119476,-21.22948837,-0.12448448,-0.14285976,0.81339455
495,2351826033,177.6716003,-54.97282791,-21.01259995,-1.0018349,-0.24297613,0.74701595
496,2351842700,177.32901,-55.51148605,-20.73547173,-1.2084556,0.10552337,0.2812147
497,2351859367,176.8745728,-56.0459938,-20.47392654,-0.66628647,0.3502439,0.16116047
498,2351876034,176.5970764,-56.61787415,-20.32917404,-0.40393513,0.34151182,0.71149063
499,2351892701,176.5962982,-57.27770233,-20.3210907,-0.17638008,-0.20117529,1.0840883
500,2351909368,176.7191315,-58.07815933,-20.30413437,-0.71782714,-0.5120787,0.9396057
501,2351926035,176.7035217,-58.91334534,-20.15854836,-1.4818491,0.23920725,-0.0546484
502,2351942702,176.6681824,-59.68432617,-20.01586914,-1.2008646,0.7068081,-0.16444016
503,2351959369,176.7667847,-60.48570251,-19.96507072,-0.6353089,0.57497984,0.4587803
504,2351976036,177.0765686,-61.39490509,-20.00581932,-0.44245014,0.4361692,0.8752413
505,2351992703,177.7062531,-62.42031479,-20.16929245,-0.6585157,-0.31895086,1.1424856
506,2352009370,178.3925323,-63.59301758,-20.45473099,-1.038132,-1.2327198,1.3071423
507,2352026037,178.7136688,-64.88230896,-20.77003288,-2.4571471,-0.7398974,0.41862488
508,2352042704,178.9633026,-66.1434021,-21.29489708,-2.9360695,-1.18E-04,-0.25819397
509,2352059371,179.4269104,-67.34133911,-22.1803093,-1.8918047,0.27114743,-0.15231228
510,2352076038,-179.7498016,-68.60610199,-23.3766346,-0.59470874,0.48246595,0.1752367
511,2352092705,-178.3173981,-70.05323792,-24.94297409,0.13929853,0.41341913,0.57579994
512,2352109372,-176.2857971,-71.63285828,-26.96611023,-0.46393034,0.267901,0.93537235
513,2352126039,-173.9750366,-73.28878021,-29.28160858,-1.307297,0.23756136,-0.32384396
514,2352142706,-171.6947784,-74.8552475,-31.66817284,-0.9167226,1.0561727,-1.9804182
515,2352159373,-169.3054657,-76.20045471,-34.15275192,0.22462147,1.2981963,-2.0462208
516,2352176040,-166.3438568,-77.42780304,-37.01852036,0.8126823,0.6890999,-0.98802376
517,2352192707,-162.4876404,-78.68453979,-40.52473831,1.0287077,-0.38834018,-0.55284214
518,2352209374,-157.8766022,-79.96903229,-44.84843826,0.95376915,-0.83025074,-0.6680374
519,2352226041,-152.9011688,-81.16687012,-49.84297943,1.8745744,-0.95174116,-1.1522493
520,2352242708,-147.8204041,-82.15237427,-55.18612289,3.151767,-0.13267188,-1.6112194
521,2352259375,-143.160553,-82.78833771,-59.95399475,3.704208,-0.29675865,-1.4205303
522,2352276042,-138.7923279,-83.16671753,-64.12100983,3.0688682,-0.7165408,-0.28161526
523,2352292709,-134.4448395,-83.48175812,-68.07004547,1.8607013,-0.75723815,0.42731953
524,2352309376,-130.2563019,-83.80891418,-72.11782837,0.9707913,-1.1762209,0.054068565
525,2352326043,-126.9921951,-84.03961182,-75.55714417,0.8393152,-1.1117767,-0.2471981
526,2352342710,-125.1891861,-84.119133,-77.5814743,1.367364,-0.3375767,0.16013432
527,2352359377,-124.4530029,-84.12710571,-78.23673248,1.8101786,0.37838265,0.67285633
528,2352376044,-123.8287659,-84.15239716,-78.39486694,1.8179903,0.43818903,0.5274582
529,2352392711,-123.250206,-84.16497803,-78.31572723,1.3054496,-0.23035882,-0.14931679
530,2352409378,-123.0653152,-84.13867188,-77.98219299,0.16924384,-0.59165114,-0.46488762
531,2352426045,-123.3643265,-84.07176208,-77.33404541,-0.80012083,-0.6674052,-0.16675568
532,2352442712,-123.5516205,-84.01194763,-77.112854,-0.8951646,-0.7351259,0.26019478
533,2352459379,-123.178772,-83.96733093,-77.83600616,-0.8395203,-0.60454917,0.29672146
534,2352476046,-122.5404282,-83.92697906,-79.00474548,-0.4113012,-0.17683211,0.11945057
535,2352492713,-121.9744339,-83.89286041,-80.06974792,0.18359657,0.38813546,0.0822916
536,2352509380,-121.5981216,-83.87158203,-80.75343323,0.54535073,0.71700233,0.18328571
537,2352526047,-121.3415222,-83.85490417,-81.06023407,0.5103609,0.55843496,0.21826172
538,2352542714,-121.0861969,-83.84467316,-81.17935944,0.40687266,0.012379433,0.1930399
539,2352559381,-120.9045029,-83.83238983,-81.21118164,0.15379775,-0.41128305,0.13774109
540,2352576048,-120.7850266,-83.79995728,-81.27837372,-0.06165451,-0.48893994,0.21063137
541,2352592715,-120.6640244,-83.75383759,-81.43771362,-0.07516714,-0.12352494,0.3193903
542,2352609382,-120.5198059,-83.7186203,-81.64256287,0.15377425,0.24076872,0.2975645
543,2352626049,-120.4696503,-83.68611145,-81.71912384,0.34662983,0.37156513,0.12565708
544,2352642716,-120.5681381,-83.63616943,-81.60816956,0.26271266,0.23067208,-0.04984379
545,2352659383,-120.7070236,-83.58191681,-81.38021851,0.1995072,0.25803795,0.09806538
546,2352676050,-120.756134,-83.54995728,-81.15145874,-0.030246612,0.14997642,0.1552124
547,2352692717,-120.7090454,-83.53273773,-80.96665955,-0.23679075,0.047254775,0.1740799
548,2352709384,-120.4808197,-83.51509094,-80.94438171,-0.1490933,0.061851513,0.23002434
549,2352726051,-120.1665955,-83.4924469,-80.99567413,-0.009344979,-0.076785974,0.2049923
550,2352742718,-119.9227142,-83.46813965,-80.99268341,0.06406278,-0.24420406,0.20418262
551,2352759385,-119.8076019,-83.44455719,-80.90660858,0.14882128,-0.34791836,0.14371967
552,2352776052,-119.8560638,-83.41373444,-80.70263672,0.34440106,-0.38231617,0.057027817
553,2352792719,-120.1664047,-83.36481476,-80.28456116,0.42633656,-0.31239265,0.02763462
554,2352809386,-120.7118912,-83.29869843,-79.69421387,0.46928802,-0.16764276,0.09874058
555,2352826053,-121.4779739,-83.21907043,-78.92511749,0.57109725,-0.11134449,0.17159176
556,2352842720,-122.5130615,-83.12833405,-77.91695404,0.56799537,-0.06328015,0.20184708
557,2352859387,-123.7960587,-83.02658844,-76.65876007,0.66212827,-0.12772234,0.14130211
558,2352876054,-125.3618011,-82.90909576,-75.0973053,0.81180584,-0.04661916,0.01651001
559,2352892721,-127.2198944,-82.76747131,-73.20439148,1.0097218,-0.15498741,-0.08444691
560,2352909388,-129.3794098,-82.59422302,-70.96405792,1.0984101,-0.1966948,-0.101314545
561,2352926055,-131.8334351,-82.36666107,-68.38320923,1.2215697,-0.42179817,-0.116716385
562,2352942722,-134.5525818,-82.06372833,-65.54637146,1.5069152,-0.7344376,-0.1515894
563,2352959389,-137.5487213,-81.67330933,-62.54510117,1.4680729,-0.8114938,-0.27828407
564,2352976056,-140.8670654,-81.16978455,-59.3169136,1.6234082,-0.5781518,-0.17553425
565,2352992723,-144.4688873,-80.54780579,-55.82413483,2.113351,-0.110585324,0.047228813
566,2353009390,-148.4599304,-79.86302185,-51.96612167,2.068129,0.6239748,-0.11888981
567,2353026057,-152.5829773,-79.10158539,-47.92012405,1.3752273,1.0079175,-0.86228085
568,2353042724,-156.5092468,-78.23496246,-43.9644928,1.0881336,0.77619094,-1.2170753
569,2353059391,-160.0397949,-77.26835632,-40.46917343,0.94687253,0.10001124,-0.9573231
570,2353076058,-163.3194427,-76.19299316,-37.4419632,0.20344733,-0.4665078,-0.15721035
571,2353092725,-166.6483307,-75.09468079,-34.68257904,0.16444868,-0.3124596,0.2681017
572,2353109392,-169.9797821,-73.99991608,-31.93898201,0.96042603,0.30244914,-0.08855152
573,2353126059,-172.9992218,-72.84434509,-29.26231384,0.72348964,0.27628943,-1.1788626
574,2353142726,-175.403183,-71.56533813,-26.95781517,-0.03825465,0.5226797,-1.5604849
575,2353159393,-177.1329803,-70.21867371,-25.04809761,-0.15712158,0.5642891,-1.2911186
576,2353176060,-178.2824249,-68.89652252,-23.42695999,-0.05252817,-0.02299831,-0.74809456
577,2353192727,-179.1822815,-67.59471893,-22.07213783,-0.76336074,-0.77975035,0.006554604
578,2353209394,179.9932251,-66.31452942,-21.06816292,-1.5186055,-1.0872142,0.500062
579,2353226061,179.284729,-65.06964111,-20.38250732,-1.3908284,-0.9439532,0.06543732
580,2353242728,178.6237793,-63.79878998,-19.96300697,-1.0316865,-0.44553855,-0.5866966
581,2353259395,178.0781403,-62.53266907,-19.65416718,-0.6442676,-0.013928601,-0.6733427
582,2353276062,177.5937195,-61.29385376,-19.36837387,-0.6023727,0.9948099,-0.123874664
583,2353292729,177.2734375,-60.07908249,-19.06270218,0.38067737,1.0480397,0.33035374
584,2353309396,177.1616669,-58.96318054,-18.7673912,-0.09516164,0.46775004,1.1744089
585,2353326063,177.1394348,-58.01902771,-18.43519592,-1.7704996,0.22218473,1.5965834
586,2353342730,177.0424805,-57.13214874,-18.06248283,-1.9407862,0.05768266,0.8318176
587,2353359397,176.7504883,-56.25529861,-17.73777962,-1.5343561,0.056692943,0.38054466
588,2353376064,176.3130188,-55.45836258,-17.4100399,-2.0893776,0.5782967,0.7515116
589,2353392731,176.0215149,-54.71152878,-17.1402874,-1.3015662,0.044088714,0.68891144
590,2353409398,176.0281372,-54.01708984,-17.05377388,-0.4769758,-0.8720871,0.73272896
591,2353426065,176.0372467,-53.48940659,-17.1326313,-1.2759975,-0.70468616,1.2907591
592,2353442732,175.8638,-53.06018448,-17.24092293,-0.9748443,-0.2334224,1.0295238
593,2353459399,175.7205811,-52.67916107,-17.38324738,-0.6154908,0.47929415,1.0221167
594,2353476066,175.7224579,-52.28090668,-17.47042084,0.16402182,0.8112919,0.14781761
595,2353492733,175.8702698,-51.87682343,-17.4402523,0.114249006,0.7443797,-0.0774107
596,2353509400,176.2415771,-51.54959488,-17.39672089,-0.4825115,0.18743283,0.5075674
597,2353526067,176.5778046,-51.31768417,-17.40074348,-1.0605243,0.26245025,1.0354528
598,2353542734,176.5912018,-51.14939117,-17.39425087,-0.61326087,0.58635396,0.8277416
599,2353559401,176.3674316,-50.98059845,-17.28112221,-0.06582277,0.602834,0.3210392
600,2353576068,176.1834869,-50.83993149,-17.13260269,-0.09326933,-0.15890788,0.36155415
601,2353592735,175.9295502,-50.77458191,-16.99381828,-0.7506147,-0.3366589,0.57258034
602,2353609402,175.467514,-50.7532692,-16.89434242,-0.37154675,-0.0790272,0.24612808
603,2353626069,174.9190826,-50.71505737,-16.81069183,0.17891102,0.20041747,-0.1606369
604,2353642736,174.5540619,-50.65927124,-16.79153824,0.45612687,0.090770565,0.22999477
605,2353659403,174.4403687,-50.65673447,-16.81663895,0.04736051,0.30341253,0.56683254
606,2353676070,174.5347137,-50.63634491,-16.80468941,-0.07140722,0.28239828,-0.053887367
607,2353692737,174.7441559,-50.54750824,-16.76534653,0.144327,0.045814008,-0.18736744
608,2353709404,174.8916473,-50.47194672,-16.73358917,-0.056575727,0.24574943,0.41871548
609,2353726071,175.044281,-50.43903351,-16.69314957,-0.26242515,-0.022602636,0.37042332
610,2353742738,175.2409668,-50.40557098,-16.70432091,-0.34127146,-0.2748013,0.14058304
611,2353759405,175.292923,-50.36671829,-16.75855255,-0.07698194,-0.411191,0.23514652
612,2353776072,175.1237183,-50.34367371,-16.7442627,-0.27638853,-0.18271698,0.34015465
613,2353792739,174.9618225,-50.3318634,-16.74136353,-0.29837978,-0.28956434,0.5532932
614,2353809406,174.8517609,-50.34532166,-16.80110168,-0.24275832,0.01814657,0.3462143
615,2353826073,174.7434998,-50.3420372,-16.81027794,-0.16521649,0.60662246,-0.032058716
616,2353842740,174.8527527,-50.34496307,-16.81469917,0.18381917,0.6396825,0.33153534
617,2353859407,175.2842865,-50.37992096,-16.86642265,-0.22195123,0.010851889,0.5482254
618,2353876074,175.6813812,-50.43106842,-16.91985321,-0.7462312,-0.12003316,0.33400536
619,2353892741,175.8778534,-50.50541687,-16.9619751,-0.65356386,0.1356295,0.49823284
620,2353909408,175.9910736,-50.65727997,-17.00343895,-0.2391017,0.045805406,0.73793983
621,2353926075,176.0700836,-50.84386063,-17.04646492,-0.32442096,-0.118702084,0.5094099
622,2353942742,175.9869232,-51.0461235,-17.07230186,-0.36739948,0.37689626,0.32180595
623,2353959409,175.8840485,-51.28066635,-17.06212997,-0.22682765,0.63614553,0.43586445
624,2353976076,175.9359283,-51.57913589,-17.07348251,-0.013640647,0.39499164,0.8037739
625,2353992743,176.0778656,-51.94543839,-17.09460068,-0.24700098,0.31959906,0.7483587
626,2354009410,176.14888,-52.30238342,-16.9748764,-0.41836882,0.45109603,0.2916937
627,2354026077,176.0730133,-52.62461853,-16.61048698,-0.2811204,0.24084158,0.6949158
628,2354042744,175.9124603,-52.99688339,-16.12570381,-0.5569802,-0.46149257,1.1503048
629,2354059411,175.8864594,-53.48540878,-16.02194405,-0.74178296,-1.1227431,0.91499615
630,2354076078,175.7843628,-54.10914993,-16.11029625,-1.5884036,-0.53324926,0.41116238
631,2354092745,175.6522369,-54.70703125,-16.30434608,-1.5779521,0.052422058,-0.91696167
632,2354109412,175.6105347,-55.29243088,-16.62699699,-0.9162234,0.5255348,-0.09811783
633,2354126079,175.7642975,-55.97584152,-16.97544098,-0.4180291,0.57816005,1.149415
634,2354142746,176.1186218,-56.80805588,-17.34216881,-0.24818791,0.58219004,1.5791931
635,2354159413,176.6579437,-57.77068329,-17.72840691,-0.116244845,0.22255766,1.124135
636,2354176080,177.2045135,-58.76024246,-18.02428246,-1.1475438,0.29886225,0.28108692
637,2354192747,177.7126465,-59.68606567,-18.28851128,-1.565062,0.15894783,-0.32761765
638,2354209414,178.1966858,-60.60241318,-18.69087791,-1.6499923,-0.02385889,0.402915
639,2354226081,178.598114,-61.64848328,-19.25774765,-1.5482417,0.051012587,1.0877514
640,2354242748,178.9784851,-62.8668251,-19.95228386,-1.0010608,0.23553236,1.0162687
641,2354259415,179.4642487,-64.19689178,-20.75669289,-0.31473872,0.07740237,0.66613674
642,2354276082,-179.8481445,-65.61808777,-21.68933296,-0.9901321,0.1924108,0.30705357
643,2354292749,-178.9641724,-67.01230621,-22.77895355,-1.074132,0.29110613,-0.70996284
644,2354309416,-177.8688049,-68.33098602,-24.06819916,-0.94408375,0.67203414,-0.57437897
645,2354326083,-176.6321259,-69.64041901,-25.50429344,-0.5628379,0.6302504,0.044260025
646,2354342750,-175.2232056,-71.02518463,-27.02066612,-0.3310016,0.6132467,-0.2653122
647,2354359417,-173.6181335,-72.43617249,-28.64580536,-0.012405444,0.07971282,-0.98801136
648,2354376084,-171.8330536,-73.77793884,-30.48972893,0.37490186,-0.5336333,-1.245883
649,2354392751,-169.8527985,-75.06240845,-32.66639709,0.12913996,-0.48879528,-1.1329136
650,2354409418,-167.6941681,-76.22894287,-35.15106201,0.2710731,-0.52561,-0.99947834
651,2354426085,-165.3039703,-77.29179382,-37.98245239,0.8825148,-0.56141824,-0.59068584
652,2354442752,-162.5991058,-78.3113327,-41.21342087,0.8377573,-0.49257594,-0.29074
653,2354459419,-159.4516144,-79.33256531,-44.93045425,0.29287365,-0.069526054,-0.20697498
654,2354476086,-155.9377899,-80.29672241,-49.13247299,0.58486515,0.03549151,-0.41626072
655,2354492753,-152.1426086,-81.11660004,-53.6330452,1.653448,0.24698734,-0.5314598
656,2354509420,-148.3130188,-81.76932526,-58.06896973,2.3734775,0.31007454,-0.4816103
657,2354526087,-144.5092468,-82.28375244,-62.26312256,2.4861863,-0.004378004,-0.34067917
658,2354542754,-140.6587067,-82.69019318,-66.23361206,1.3415723,-0.08219041,-0.21158314
659,2354559421,-136.8881989,-83.04703522,-70.00328827,1.3059958,0.24842168,-0.033857346
660,2354576088,-133.5074158,-83.37812805,-73.32806396,1.8526907,-0.057028938,-0.12900734
661,2354592755,-130.7364197,-83.61702728,-75.98828888,1.3601134,-0.5789867,-0.49183273
662,2354609422,-128.4764862,-83.74088287,-78.1626358,0.6742415,-0.37990308,-0.2464714
663,2354626089,-126.5242004,-83.82174683,-80.09190369,0.8320487,-2.71E-04,0.335474
664,2354642756,-124.9681473,-83.91201782,-81.60482025,1.0102206,-0.2202195,0.3297472
665,2354659423,-123.8694687,-83.97995758,-82.70946503,0.5888049,-0.64418375,0.039105415
666,2354676090,-123.1311951,-84.00498199,-83.6259613,0.25271502,-0.7688623,-0.02990532
667,2354692757,-122.7040253,-84.03186035,-84.39645386,0.14344724,-0.39010665,-0.014422417
668,2354709424,-122.6212692,-84.07582855,-84.8795166,0.42991266,-0.06965759,0.0626173
669,2354726091,-122.5401077,-84.0990448,-85.2886734,0.63108706,0.071331255,0.22714996
670,2354742758,-122.5996552,-84.10478973,-85.43608093,0.47101372,0.38725877,0.22050858
671,2354759425,-123.0084,-84.12664032,-85.09583282,0.56066316,0.48113802,0.11210346
672,2354776092,-123.553154,-84.15162659,-84.48097992,0.32710072,0.34195587,0.104273796
673,2354792759,-123.9405594,-84.16521454,-83.91413116,0.17158067,-0.01161893,0.09139633
674,2354809426,-124.2406082,-84.16454315,-83.37924957,-0.17892304,-0.09274256,0.13251495
675,2354826093,-124.4980545,-84.1579895,-82.89827728,-0.24162826,-0.16834526,0.3079319
676,2354842760,-124.5594406,-84.15293121,-82.66560364,-0.34207344,-0.077098444,0.37897873
677,2354859427,-124.4136887,-84.15420532,-82.66371918,-0.08859352,0.0133454,0.24860668
678,2354876094,-124.1224747,-84.16377258,-82.78665924,0.14367369,0.1734508,0.094638824
679,2354892761,-123.9409943,-84.17513275,-82.77490997,0.31201005,0.23418659,0.033133507
680,2354909428,-123.7632217,-84.18099213,-82.75203705,0.50192195,0.14762427,0.054668427
681,2354926095,-123.6722031,-84.17971039,-82.60852051,0.43822002,-0.104902565,0.13106441
682,2354942762,-123.7130432,-84.18372345,-82.35219574,0.090056695,-0.1330215,0.16754246
683,2354959429,-123.8753967,-84.19623566,-82.0287323,-0.11987659,-0.13195652,0.1954794
684,2354976096,-123.8920517,-84.21091461,-81.91230774,-0.14073281,-0.122661784,0.21854973
685,2354992763,-123.9486084,-84.2095871,-81.79211426,0.056405924,-0.0966042,0.15217781
686,2355009430,-124.3526001,-84.21063995,-81.30097961,0.31889573,-0.013573998,0.11728668
687,2355026097,-125.0180359,-84.20732117,-80.46421051,0.49138016,0.010797688,0.18568993
688,2355042764,-125.6190796,-84.19491577,-79.6081543,0.36508656,-0.18995556,0.16818333
689,2355059431,-126.211792,-84.17728424,-78.76631165,0.07955944,-0.290289,0.06415558
690,2355076098,-126.9404984,-84.1500473,-77.88622284,-0.12863111,-0.22606575,0.10116863
691,2355092765,-127.6786804,-84.11064911,-77.06921387,0.08608537,-0.15352222,0.16213036
692,2355109432,-128.5653076,-84.0590744,-76.11698151,0.35561097,-0.09844913,0.14818096
693,2355126099,-129.6483002,-84.0020752,-74.92480469,0.46389514,0.039337553,0.19822025
694,2355142766,-130.8874969,-83.93942261,-73.49338531,0.5379149,0.11867158,0.18014717
695,2355159433,-132.2146149,-83.86323547,-71.9002533,0.5043914,0.10103015,0.09235382
696,2355176100,-133.738678,-83.76155853,-70.08853912,0.34525785,0.01433506,0.06271839
697,2355192767,-135.3898621,-83.63863373,-68.16114044,-0.02146638,-0.09219982,0.14034176
698,2355209434,-137.0828094,-83.50496674,-66.25858307,0.12289466,-0.13691962,0.16498661
699,2355226101,-138.769455,-83.35940552,-64.4139328,0.5162727,-0.21629377,0.087343216
700,2355242768,-140.4477234,-83.18269348,-62.58053589,0.42722237,-0.3430435,0.04625702
701,2355259435,-142.0966034,-82.98694611,-60.7894783,-0.022988811,-0.35512453,0.13659096
702,2355276102,-143.8034058,-82.78488159,-59.00366211,0.12745547,-0.3647084,0.098843575
703,2355292769,-145.6104431,-82.56230164,-57.19002914,0.56231254,-0.37577406,-0.050635338
704,2355309436,-147.4527435,-82.28586578,-55.35967636,0.73569834,-0.07960922,-0.05946827
705,2355326103,-149.4514771,-81.94402313,-53.26714706,1.2958337,-0.015416527,-0.1414051
706,2355342770,-151.6549225,-81.53759003,-50.84307861,1.4603081,-0.41304675,-0.22255993
707,2355359437,-153.7741394,-81.07498169,-48.4824028,0.6237575,-0.7876282,-0.15359783
708,2355376104,-155.770813,-80.58527374,-46.40663528,-0.18167806,-0.6950471,0.03651333
709,2355392771,-157.930603,-80.07744598,-44.45959854,0.36988205,-0.32393712,-0.1627369
710,2355409438,-160.5211334,-79.46059418,-42.25423813,1.9710001,0.046382736,-0.44032097
711,2355426105,-163.4947052,-78.60770416,-39.52366257,3.691147,-0.009211863,-0.7170925
712,2355442772,-166.4130554,-77.53443146,-36.55145645,3.8541636,0.023935458,-0.7336788
713,2355459439,-169.0514526,-76.3476944,-33.68904495,2.464746,0.5632181,-0.62079525
714,2355476106,-171.5454407,-75.00113678,-30.87988663,1.5030334,1.0078623,-0.6450405
715,2355492773,-173.6828766,-73.51100159,-28.26319313,1.3974733,0.7983554,-1.0122871
716,2355509440,-175.3466644,-71.92247009,-25.94994736,0.8138847,0.20237215,-1.4418993
717,2355526107,-176.7727203,-70.27890778,-23.90101051,-0.3121137,-0.07579358,-1.7205725
718,2355542774,-178.062027,-68.62995911,-22.1364212,-1.1383951,0.1682596,-1.0311613
719,2355559441,-179.2804108,-67.16639709,-20.59668922,-1.9983289,0.27042526,0.11991024
720,2355576108,179.6277313,-65.8666153,-19.21738434,-2.654425,-0.39221138,0.56485367
721,2355592775,178.6351166,-64.66794586,-18.13199043,-1.8723834,-0.88466525,-0.10772705
722,2355609442,177.5851593,-63.37000275,-17.41042137,-0.76328903,-0.054631483,-0.70982456
723,2355626109,176.675827,-61.9222374,-16.86588287,0.84712917,0.11973483,-0.5547981
724,2355642776,176.1595001,-60.58939362,-16.48731232,0.042049933,0.27734956,0.18417454
725,2355659443,176.0279999,-59.39978027,-16.24941826,-1.1567178,-0.062131908,0.6725435
726,2355676110,176.0753021,-58.26018143,-16.12011719,-1.6669958,-0.65340173,0.39101982
727,2355692777,175.9353485,-57.13116074,-16.0610466,-2.2229693,-0.29640377,0.61695194
728,2355709444,175.5176086,-55.96326447,-15.9726181,-1.3944001,-0.3308963,0.78187084
729,2355726111,175.1779633,-54.89318085,-15.93378353,-0.8859683,-0.21677025,1.0708799
730,2355742778,175.0799103,-54.04417801,-16.04736519,-1.3560294,0.4119455,0.85744
731,2355759445,175.2441406,-53.33127975,-16.31039619,-0.7778152,1.1984305,0.3105564
732,2355776112,175.85495,-52.61603165,-16.6422348,0.42562068,0.98089206,-0.090088844
733,2355792779,176.8265228,-51.68108368,-16.96069908,1.4643623,-0.59862477,-0.6067829
734,2355809446,177.6124725,-50.73534775,-17.2353096,0.31514364,-1.4763985,0.48455906
735,2355826113,178.1096954,-50.02637863,-17.55184746,-1.5867122,-2.4730392,1.7927828
736,2355842780,178.1317444,-49.51957703,-17.81155014,-3.1741514,-1.7008291,1.6182194
737,2355859447,177.6594543,-49.01485825,-18.12849808,-2.010079,-0.26457116,0.08963966
738,2355876114,177.015686,-48.50292206,-18.56863785,-0.3344211,0.7769542,0.35698605
739,2355892781,176.4890289,-48.07408905,-19.00610733,0.7165652,1.1659604,0.6200962
740,2355909448,176.3044434,-47.74724579,-19.35571098,0.47773692,1.0687665,0.4597683
741,2355926115,176.3783875,-47.44803238,-19.61425781,0.024538837,1.5955396,0.11957073
742,2355942782,176.7009735,-47.07161713,-19.76794624,-0.1100125,1.8316346,-0.055974007
743,2355959449,177.2194366,-46.60923004,-19.83197212,0.38366166,0.9104878,0.2577753
744,2355976116,177.596283,-46.21226883,-19.80558205,-0.15808208,0.86574775,0.7599697
745,2355992783,177.8006744,-45.95332718,-19.7128849,-0.65106237,0.45621732,0.648571
746,2356009450,177.730011,-45.77852249,-19.57729721,-0.78585696,0.3737539,0.5417948
747,2356026117,177.3558502,-45.64419556,-19.40231323,-0.6924826,0.62005466,0.8633537
748,2356042784,176.9350128,-45.51012421,-19.19096756,-0.36243737,0.23612334,0.7007351
749,2356059451,176.5550385,-45.40494537,-19.00484848,-0.30880582,-0.18132243,0.81844234
750,2356076118,176.0765381,-45.3670578,-18.82507706,-0.7154066,0.31914565,0.64056396
751,2356092785,175.631134,-45.31301117,-18.60064125,-0.323422,0.4644991,0.13087654
752,2356109452,175.465271,-45.26025009,-18.43444824,0.3087602,0.08969234,0.23311615
753,2356126119,175.552536,-45.28137207,-18.33141899,-0.34663573,0.011065791,0.5337286
754,2356142786,175.6954498,-45.31658936,-18.22718048,-0.870882,-0.17366442,0.35695553
755,2356159453,175.758255,-45.37703705,-18.17368507,-0.3782194,-0.15350546,0.84564686
756,2356176120,175.7626495,-45.47164536,-18.11746597,-0.28651795,0.060592853,0.5984001
757,2356192787,175.7905884,-45.56315994,-18.02222252,-0.5365532,0.072563425,0.21033669
758,2356209454,175.8118134,-45.67941666,-17.98787117,-0.30015442,0.11986385,0.39296722
759,2356226121,175.7913513,-45.88589478,-17.9666729,-0.115944915,0.040468138,0.772274
760,2356242788,175.7025146,-46.12897873,-17.87001228,-0.42670047,0.09279431,0.49863434
761,2356259455,175.5599365,-46.3455925,-17.74694061,-0.42108306,0.19675806,0.23442459
762,2356276122,175.44104,-46.57409668,-17.63443947,-0.2300303,0.29641092,0.26341248
763,2356292789,175.3965302,-46.84161377,-17.52990723,-0.17365155,0.17662033,0.532074
764,2356309456,175.4303589,-47.18267441,-17.41979027,-0.3378855,0.043477573,0.6123514
765,2356326123,175.4474945,-47.54384232,-17.29025459,-0.6250865,0.24382252,0.41099548
766,2356342790,175.4725342,-47.94093323,-17.15039253,-0.8213132,0.12365938,0.51571846
767,2356359457,175.5031586,-48.38712311,-17.04047203,-0.8405163,0.03078578,0.820137
768,2356376124,175.523819,-48.91408157,-17.00021172,-0.62080187,0.10352908,1.089922
769,2356392791,175.493454,-49.53868484,-16.98693657,-0.091537036,0.106751464,0.82258415
770,2356409458,175.473114,-50.23366547,-16.87798119,-0.88389456,0.48579216,0.72020817
771,2356426125,175.502594,-50.90393066,-16.68725204,-0.93258244,0.41492414,6.68E-05
772,2356442792,175.5770569,-51.56772232,-16.52611351,-0.7379421,0.26501334,0.2792225
773,2356459459,175.6572876,-52.32082748,-16.42982292,-0.8122889,0.031573888,1.041112
774,2356476126,175.7028198,-53.19781876,-16.38493729,-0.7826611,0.1293664,1.311655
775,2356492793,175.7323608,-54.18059158,-16.37653542,-0.32731304,-0.049687155,0.8245592
776,2356509460,175.8283234,-55.23281097,-16.3198967,-0.9230346,-0.28552538,0.30510235
777,2356526127,175.9665833,-56.26575851,-16.23885727,-1.6369781,-0.19383748,-0.119776726
778,2356542794,176.1281586,-57.28845978,-16.30844498,-1.2485304,-0.21206217,0.09288025
779,2356559461,176.3639221,-58.4384079,-16.60563087,-0.9108806,-0.1778136,1.0643969
780,2356576128,176.7771759,-59.76082993,-17.09502411,-0.83514017,-0.18996646,1.2518501
781,2356592795,177.3356934,-61.18692398,-17.74069595,-0.2747938,-0.56645733,0.71755695
782,2356609462,177.957489,-62.6786232,-18.49581146,-1.3742199,-0.31269,0.11652851
783,2356626129,178.671463,-64.13889313,-19.37634277,-1.800341,0.10615145,-0.62690544
784,2356642796,179.5660553,-65.5226593,-20.43536949,-1.4724673,0.5444755,-0.47624874
785,2356659463,-179.2641296,-66.91210175,-21.70852661,-1.1299877,0.69064915,0.24531555
786,2356676130,-177.7937012,-68.37783051,-23.15582466,-0.45553502,0.53439045,0.24465847
787,2356692797,-176.1677704,-69.91801453,-24.77772141,-0.23269832,0.24271707,-0.16969967
788,2356709464,-174.5112,-71.54640198,-26.57791138,-0.9677171,0.31460297,-0.71538067
789,2356726131,-172.6933289,-73.09150696,-28.58310318,-0.725878,0.3443477,-1.3992643
790,2356742798,-170.6631622,-74.52025604,-30.86051559,0.14989771,0.16486596,-1.4824743
791,2356759465,-168.1898346,-75.87276459,-33.58588028,0.21278238,-0.5419724,-1.043889
792,2356776132,-165.1451569,-77.18205261,-36.94603348,0.16796449,-0.8318597,-0.5155401
793,2356792799,-161.9046021,-78.49481201,-40.96352005,1.6941117,-0.7941143,-0.6927023
794,2356809466,-158.5845795,-79.69968414,-45.34298325,2.246484,0.43096757,-1.3210192
795,2356826133,-155.1187134,-80.61257172,-49.53630447,3.5440521,0.31133136,-1.7558079
796,2356842800,-151.2678223,-81.2355423,-53.63998032,3.3244534,0.13565363,-1.060998
797,2356859467,-147.2819824,-81.69046021,-57.42301941,2.2304685,-0.02235448,-0.017879486
798,2356876134,-143.4678802,-82.13239288,-60.88449097,1.3684326,0.027195996,0.3539772
799,2356892801,-139.9991913,-82.57193756,-64.06060791,0.7528569,-0.46099272,0.13854408
800,2356909468,-136.6713562,-82.93439484,-67.30618286,0.3440473,-0.74270004,-0.057673454
801,2356926135,-133.468338,-83.16864014,-70.569664,0.58898,-0.39575282,0.08165741
802,2356942802,-130.2755585,-83.31208801,-73.81198883,1.2418875,-0.036951665,0.26228714
803,2356959469,-127.3852539,-83.41215515,-76.52970886,1.4611357,0.11725808,0.09916496
804,2356976136,-125.0181427,-83.46805573,-78.51952362,1.529207,-0.05902128,-0.13468266
805,2356992803,-123.2729645,-83.47740173,-79.82266235,1.1413811,-0.4066326,-0.18955612
806,2357009470,-122.0573959,-83.46883392,-80.64998627,0.63381386,-0.4963221,-0.08082199
807,2357026137,-121.2402573,-83.46073151,-81.24132538,0.15993516,-0.36587295,-0.06959438
808,2357042804,-120.6387253,-83.45275879,-81.83695221,0.013176871,-0.31702027,0.04026985
809,2357059471,-120.0291672,-83.4573822,-82.6934433,0.184177,-0.49387312,0.12476826
810,2357076138,-119.5514145,-83.46775055,-83.63526154,0.09814493,-0.3112498,0.054955482
811,2357092805,-119.2983398,-83.46585846,-84.36917114,0.36835703,0.06591475,0.033438683
812,2357109472,-119.1867371,-83.45150757,-84.82923889,0.5213337,0.41905406,0.11322498
813,2357126139,-119.2745819,-83.44787598,-84.88336182,0.4181859,0.4882599,0.22328663
814,2357142806,-119.4311829,-83.45800781,-84.69586945,0.14512171,0.26648107,0.25613976
815,2357159473,-119.4972992,-83.45477295,-84.51855469,0.08292075,0.07589969,0.31566048
816,2357176140,-119.4938583,-83.44324493,-84.40975952,0.038611863,-0.09823266,0.25280952
817,2357192807,-119.5124664,-83.42344666,-84.28834534,-0.1140858,-0.060020883,0.18394375
818,2357209474,-119.4649124,-83.39865112,-84.23266602,0.030268837,0.10125254,0.15664864
819,2357226141,-119.3968277,-83.37158203,-84.16687775,0.26781932,0.25552207,0.15067863
820,2357242808,-119.4186325,-83.35288239,-83.94421387,0.23811819,0.2528977,0.110414505
821,2357259475,-119.5480804,-83.34303284,-83.5819931,0.21123572,0.1361742,0.15272331
822,2357276142,-119.7681885,-83.34583282,-83.14794159,0.09500984,-0.047688443,0.16173649
823,2357292809,-119.9906616,-83.35801697,-82.76387024,-0.026485238,-0.099003054,0.1357975
824,2357309476,-120.1974106,-83.36984253,-82.46575165,-0.06014228,-0.1007483,0.0925169
825,2357326143,-120.4716263,-83.37724304,-82.1705246,0.09574165,-0.06026021,0.08654404
826,2357342810,-120.8921204,-83.38633728,-81.77160645,0.3134632,-0.09675747,0.17300415
827,2357359477,-121.4161377,-83.39662933,-81.28570557,0.29009774,-0.1226605,0.20134068
828,2357376144,-122.0099411,-83.40361786,-80.72673035,0.28081286,-0.14647213,0.12829876
829,2357392811,-122.7063141,-83.40698242,-80.07715607,0.23756142,-0.13060337,0.05824375
830,2357409478,-123.5595856,-83.40016937,-79.29031372,0.27860984,-0.113101855,0.11690235
831,2357426145,-124.6411209,-83.36673737,-78.28153992,0.66600597,0.037832584,0.32942104
832,2357442812,-126.0334778,-83.31797791,-76.89093018,1.3460428,-0.011962637,0.36254787
833,2357459479,-127.8585587,-83.25232697,-74.94273376,1.516536,-0.65337163,-0.09414196
834,2357476146,-130.3048859,-83.12467957,-72.40735626,1.2025049,-1.0128337,-0.49564838
835,2357492813,-133.2463379,-82.91454315,-69.52099609,0.7881175,-0.56522006,-0.27075958
836,2357509480,-136.4621429,-82.64878845,-66.39093018,0.8361558,-0.111545205,0.07504177
837,2357526147,-139.7936249,-82.34332275,-63.08714676,0.884915,-0.0752562,0.07365322
838,2357542814,-143.1369781,-81.97745514,-59.74998474,0.23349503,-0.17252026,0.028383255
839,2357559481,-146.2771149,-81.58104706,-56.6748085,-0.21925972,0.028652964,0.09146595
840,2357576148,-149.2563324,-81.17093658,-53.83548355,0.054444276,0.06472846,-0.068777084
841,2357592815,-152.2138519,-80.73972321,-51.13950348,0.8095624,-0.29373252,-0.09846687
842,2357609482,-155.0595856,-80.30123901,-48.65057373,0.11026725,0.026267074,-0.1638794
843,2357626149,-158.0071106,-79.77359009,-46.06858444,0.8907523,0.26362678,-0.3913231
844,2357642816,-161.0072937,-79.1836853,-43.5145607,1.5896864,0.0271566,-0.6063452
845,2357659483,-164.3180847,-78.45631409,-40.704319,1.940682,-0.76701206,-0.6827841
846,2357676150,-167.746582,-77.58009338,-37.88256454,1.9132224,-0.8720127,-0.52422905
847,2357692817,-171.2039948,-76.60573578,-34.84474564,1.124236,-0.4577075,-0.41629982
848,2357709484,-174.4896088,-75.46814728,-31.75503922,0.48099607,-0.14001846,-0.8893862
849,2357726151,-177.2024994,-74.14670563,-29.06378746,-0.54236066,0.859676,-1.101059
850,2357742818,-179.3627014,-72.66509247,-26.86608124,-0.22009055,0.5544859,-1.0523071
851,2357759485,178.8695068,-71.09053802,-25.08037376,0.6160308,0.28612646,-0.76712227
852,2357776152,177.4644928,-69.57286835,-23.64955711,0.71258366,0.15174742,-0.03465748
853,2357792819,176.2393646,-68.20302582,-22.39582443,0.6320117,0.38798425,0.2849083
854,2357809486,175.2434998,-66.96041107,-21.21730423,-0.009450365,0.8404728,-0.14111233
855,2357826153,174.4979553,-65.70446014,-20.16552162,-0.38188797,1.0385804,-1.3968544
856,2357842820,174.0085754,-64.2808075,-19.22978592,-0.018804954,0.42711034,-1.2039509
857,2357859487,173.7022858,-62.78882217,-18.34928703,-0.2838759,-0.31002945,-0.29053974
858,2357876154,173.5354767,-61.37325287,-17.62370872,0.007949937,-1.2262174,0.581769
859,2357892821,173.4526215,-60.24537659,-17.11722183,-1.6038461,-0.39325964,1.4228458
860,2357909488,173.4032135,-59.20000839,-16.86205101,-1.6464746,-0.2931302,1.5520706
861,2357926155,173.5075531,-58.22498703,-16.75083351,-1.5672435,-0.41005462,-0.006948471
862,2357942822,173.4841766,-57.11880875,-16.7028656,-1.5118742,-0.023159295,-1.1159334
863,2357959489,173.4267426,-55.92116928,-16.74969673,0.26623532,-0.21779639,-0.7808428
864,2357976156,173.45578,-54.84585953,-16.90836143,0.4125939,0.07914348,1.1750956
865,2357992823,173.4487762,-53.9940834,-16.97616386,0.8886389,0.3708151,1.5760975
866,2358009490,173.7374878,-53.26191711,-17.03411865,-0.15287453,0.3200076,0.6047344
867,2358026157,174.4190216,-52.49773407,-17.15114403,-1.4193244,-0.7912932,-0.22526073
868,2358042824,174.8654785,-51.60900879,-17.25725746,-3.1095304,-0.7772993,-0.26618767
869,2358059491,174.6476593,-50.67413712,-17.36453438,-2.5939162,-0.37180543,1.0801067
870,2358076158,174.1591034,-49.94081497,-17.51916313,-0.72552204,0.3667194,1.7891521
871,2358092825,173.9529266,-49.45439148,-17.7945137,0.33845446,1.0389062,1.090044
872,2358109492,174.196167,-49.05260849,-18.05343246,0.1512021,0.7828587,-0.15005016
873,2358126159,174.6391754,-48.60155869,-18.23611259,-0.7446702,0.30718017,-0.033780098
874,2358142826,174.9406738,-48.10255432,-18.3105278,-0.84695005,0.03721502,0.81378746
875,2358159493,175.0783386,-47.61643219,-18.36668015,-0.34183234,0.07004192,1.3259802
876,2358176160,175.151413,-47.23410034,-18.47191238,-0.21796377,0.6026498,0.9173727
877,2358192827,175.2571869,-46.89202499,-18.53850746,-0.2336418,0.5775075,-0.10819054
878,2358209494,175.4716797,-46.58634567,-18.57446098,-0.2752061,0.256279,0.18530273
879,2358226161,175.5989227,-46.32667542,-18.56377411,-0.31265017,0.6041893,0.36467838
880,2358242828,175.7343445,-46.11289597,-18.53483582,-0.50534296,0.5238738,0.8195877
881,2358259495,175.8527679,-45.93741989,-18.55873108,-0.33708397,0.040187854,1.2478838
882,2358276162,175.8464203,-45.81229019,-18.55608749,-0.4441133,-0.07045128,0.7078953
883,2358292829,175.6356812,-45.64690018,-18.42171288,-0.55316114,0.41695017,-0.23998547
884,2358309496,175.4625549,-45.47965622,-18.27949142,-0.046766292,0.4281052,0.09460068
885,2358326163,175.4932098,-45.43037033,-18.2096405,-0.014154866,0.5032442,0.6501684
886,2358342830,175.7635345,-45.42222595,-18.18522453,-0.41841596,0.08225791,0.2448225
887,2358359497,175.9755707,-45.36186981,-18.14683914,-0.5094878,-0.22821617,0.012964249
888,2358376164,175.9425659,-45.29033661,-18.08318901,-0.21204129,-0.40511867,0.47504234
889,2358392831,175.7330475,-45.27111435,-17.9734478,-0.29587218,0.001095325,0.75410557
890,2358409498,175.5644989,-45.29505157,-17.86754227,-0.4660899,0.33860978,0.67675495
891,2358426165,175.5011597,-45.35587311,-17.80878067,-0.2501883,0.43566224,0.60244846
892,2358442832,175.5020752,-45.44683075,-17.76601219,-0.42167243,0.2043461,0.5121803
893,2358459499,175.4680328,-45.55063248,-17.70134735,-0.6243221,-0.035817727,0.4233656
894,2358476166,175.4415741,-45.69994354,-17.65405464,-0.5991847,-0.22410716,0.5943308
895,2358492833,175.4515381,-45.93088531,-17.67066765,-0.37532553,-0.2476438,0.71355057
896,2358509500,175.5060272,-46.22782135,-17.73105621,-0.36230204,-0.11852037,0.60057163
897,2358526167,175.5681915,-46.54415131,-17.78354073,-0.47012687,0.21339011,0.3565979
898,2358542834,175.6865082,-46.86503983,-17.83592987,-0.32455376,0.2415457,0.3895378
899,2358559501,175.9294434,-47.25279236,-17.89770508,-0.5266779,0.04850734,0.78011227
900,2358576168,176.1265869,-47.68157578,-17.95497894,-0.6871319,0.059310727,0.6556072
901,2358592835,176.2154541,-48.16391373,-18.00307274,-0.757244,0.3524933,0.7214985
902,2358609502,176.2762451,-48.72348404,-18.0375061,-0.70778215,0.49931264,0.76240826
903,2358626169,176.4026794,-49.36546707,-18.08124733,-0.8939268,0.45095414,1.049139
904,2358642836,176.5979004,-50.08619308,-18.14479065,-0.8356807,0.07022241,0.98608875
905,2358659503,176.7398834,-50.84981537,-18.18587685,-0.8117432,0.1610741,0.71582603
906,2358676170,176.7679749,-51.6420517,-18.17772293,-0.7888447,0.35080653,0.4004097
907,2358692837,176.8173523,-52.47728729,-18.16387749,-0.91103256,0.34896752,0.4068308
908,2358709504,177.0343628,-53.39088058,-18.25039101,-0.9220608,0.112884104,0.74790287
909,2358726171,177.3861694,-54.42110062,-18.45576859,-1.0773427,-0.03089072,0.9129667
910,2358742838,177.7688904,-55.53681564,-18.71134758,-1.2144092,0.065034,0.77510166
911,2358759505,178.1913147,-56.69602203,-19.00595284,-1.1205829,-0.029217614,0.55395985
912,2358776172,178.6659698,-57.87271881,-19.35273361,-0.96391505,0.05865321,0.49714756
913,2358792839,179.2866974,-59.12170029,-19.82341957,-1.201035,-0.06492917,0.48953342
914,2358809506,-179.9309845,-60.45814514,-20.46958542,-1.6261853,-0.31264773,0.57467175
915,2358826173,-179.0885162,-61.87674713,-21.29331017,-1.7330757,-0.05149448,0.61397076
916,2358842840,-178.1638184,-63.36706161,-22.29688263,-1.4184415,0.27936175,0.49372292
917,2358859507,-177.0843658,-64.91273499,-23.47084427,-1.2578565,0.52879125,0.29037
918,2358876174,-175.7564697,-66.49346161,-24.83501816,-1.3083442,0.693526,0.08230877
919,2358892841,-174.0907135,-68.08495331,-26.43284225,-1.0543808,0.7001827,-0.54067135
920,2358909508,-172.0277252,-69.61454773,-28.30571556,-0.5474252,0.7215829,-0.84506893
921,2358926175,-169.6232452,-71.11728668,-30.4787941,-0.19776212,0.53287303,-1.0615072
922,2358942842,-167.011734,-72.61070251,-32.92328644,0.025239397,0.055904835,-1.1761818
923,2358959509,-164.294281,-74.08239746,-35.60410309,-0.07770363,0.11533615,-1.0337973
924,2358976176,-161.3369446,-75.50323486,-38.54611969,0.5263211,0.120757766,-1.3159714
925,2358992843,-158.0500946,-76.84310913,-41.78985214,1.4021828,0.06285162,-1.6461668
926,2359009510,-154.4094391,-78.03020477,-45.40784836,1.8916024,-0.07685873,-1.591608
927,2359026177,-150.2391052,-79.05614471,-49.48155594,2.0810473,-0.5770326,-1.0439053
928,2359042844,-145.6395721,-79.94179535,-54.00512695,1.8793296,-0.815953,-0.45176792
929,2359059511,-141.152832,-80.73210907,-58.70391846,1.4904653,-0.7339819,-0.14332199
930,2359076178,-136.6207886,-81.41093445,-63.57635117,1.5857998,-0.5763155,-0.480649
931,2359092845,-131.9090881,-81.93070221,-68.5475235,1.8842927,-0.32786524,-0.6930609
932,2359109512,-127.4715347,-82.28174591,-73.07392883,1.7443728,-0.038285814,-0.29192734
933,2359126179,-123.4470901,-82.54380798,-76.99123383,1.4363894,0.20355476,0.22578812
934,2359142846,-119.7360077,-82.77121735,-80.45077515,1.490503,-0.011726971,0.1451273
935,2359159513,-116.4527588,-82.94261169,-83.50025177,1.1654683,-0.4231377,-0.12078953
936,2359176180,-113.7873001,-83.02399445,-86.02255249,0.9020624,-0.59943646,-0.107278824
937,2359192847,-111.4165573,-83.05412292,-88.21768951,1.0567786,-0.55002016,0.09127903
938,2359209514,-109.5904465,-83.07615662,-89.92488098,1.3610933,-0.492574,0.003356934
939,2359226181,-108.528717,-83.07379913,-91.02528381,1.3066103,-0.6279075,-0.03320408
940,2359242848,-108.147316,-83.03933716,-91.56185913,1.1676776,-0.76658463,-0.008195877
941,2359259515,-108.1610565,-82.98616791,-91.85627747,0.86055595,-0.49106953,0.09049225
942,2359276182,-108.4869385,-82.92920685,-91.97767639,0.7024068,-0.1835086,0.26744556
943,2359292849,-109.1337204,-82.8865509,-91.79930878,0.48432854,0.054840803,0.2191782
944,2359309516,-110.0396118,-82.85337067,-91.28110504,0.33193088,0.06958981,0.11182499
945,2359326183,-110.9669876,-82.81728363,-90.63316345,0.06055277,0.34732145,0.21125793
946,2359342850,-111.6413345,-82.79045868,-90.06327057,-0.15369765,0.4656177,0.27156162
947,2359359517,-112.1436081,-82.78085327,-89.49936676,-0.3165178,0.30849358,0.13829422
948,2359376184,-112.5902252,-82.77005005,-88.91230774,-0.3867621,0.08712938,0.11358261
949,2359392851,-112.8606186,-82.74732208,-88.48804474,-0.29969016,-0.05829475,0.24379826
950,2359409518,-113.0553207,-82.72597504,-88.19371033,-0.21070193,0.19815888,0.26750946
951,2359426185,-113.165741,-82.7263031,-88.00564575,-0.020257503,0.40313667,0.10445976
952,2359442852,-113.3147507,-82.73134613,-87.79393768,0.02268046,0.16537064,-0.022566795
953,2359459519,-113.5674133,-82.72028351,-87.55171967,0.008128119,-0.19196506,0.15718365
954,2359476186,-113.778511,-82.70453644,-87.43980408,0.087018766,-0.39848003,0.27367592
955,2359492853,-114.0413132,-82.6995163,-87.3387146,0.14516616,-0.3099097,0.22006512
956,2359509520,-114.3768387,-82.70292664,-87.15568542,0.0847948,-0.023649627,0.08723736
957,2359526187,-114.689682,-82.70583344,-86.91769409,-0.14506626,0.47166687,0.08685017
958,2359542854,-114.7795029,-82.72325134,-86.7742157,-0.37864363,0.5912471,0.16175747
959,2359559521,-114.6105881,-82.75524902,-86.83573151,-0.6089945,0.19003971,0.2291193
960,2359576188,-114.2393723,-82.78759766,-87.18955231,-0.6429689,-0.21990892,0.29001904
961,2359592855,-113.6449814,-82.8129425,-87.90050507,-0.4559101,-0.3732904,0.27325535
962,2359609522,-112.9515533,-82.83177185,-88.8123703,-0.16946977,-0.19985114,0.22110939
963,2359626189,-112.2974396,-82.84179688,-89.69821167,0.12579136,0.13504155,0.18618011
964,2359642856,-111.7052002,-82.853508,-90.44533539,0.27980825,0.32009238,0.14348221
965,2359659523,-111.2310257,-82.86557007,-90.99272156,0.17113976,0.2657574,0.12215996
966,2359676190,-110.7900162,-82.89066315,-91.44143677,0.10148818,0.18257315,0.15148258
967,2359692857,-110.2718201,-82.93842316,-91.9656601,0.09496001,0.1284971,0.13633919
968,2359709524,-109.8416519,-82.98681641,-92.4329071,0.07542373,0.026249474,0.2332573
969,2359726191,-109.4188538,-83.03356934,-92.90908051,0.024608525,0.021933606,0.2985115
970,2359742858,-108.8969193,-83.08156586,-93.50411224,-0.048069995,0.04270053,0.16724014
971,2359759525,-108.3906097,-83.12493896,-94.10057068,-0.10556775,0.27159932,0.13325787
972,2359776192,-107.7519531,-83.16166687,-94.74630737,-0.043859053,0.24584928,0.31083202
973,2359792859,-106.967247,-83.19885254,-95.43643188,0.03106745,0.17317487,0.36230755
974,2359809526,-105.98629,-83.26151276,-96.2665329,0.1420378,0.004348221,0.13191032
975,2359826193,-105.0162125,-83.34701538,-97.14263153,-0.0731232,0.03134283,-0.27673817
976,2359842860,-104.1692276,-83.41292572,-97.90979767,-0.26692706,0.23197934,0.11815262
977,2359859527,-103.1291962,-83.45728302,-98.81159973,-0.26616997,0.45411178,0.7844925
978,2359876194,-101.6682205,-83.50961304,-100.0837784,-0.10858173,0.3233701,0.6499529
979,2359892861,-99.9131546,-83.58387756,-101.6770401,-0.004654476,-0.11095658,-0.050901413
980,2359909528,-98.32146454,-83.6463089,-103.1852646,0.04849217,-0.45006928,-0.28782845
981,2359926195,-96.82924652,-83.67454529,-104.6813278,0.03673124,-0.3490342,0.07829189
982,2359942862,-95.3224411,-83.68152618,-106.2371216,0.021873174,0.058226466,0.3702345
983,2359959529,-93.78983307,-83.69379425,-107.7650909,0.061307214,0.32880107,0.48604965
984,2359976196,-92.25344086,-83.71556854,-109.1968155,0.10378369,0.2596762,0.3516922
985,2359992863,-90.69834137,-83.73240662,-110.6300735,0.08742311,0.009246564,0.022955894
986,2360009530,-89.180336,-83.72949219,-112.0496521,0.089495555,-0.41385904,-0.108195305
987,2360026197,-87.85616302,-83.71278381,-113.333313,0.1769187,-0.6357762,0.014146805
988,2360042864,-86.80506134,-83.68009949,-114.4428635,0.31738064,-0.57544214,0.14011765
989,2360059531,-86.08991241,-83.63798523,-115.2746506,0.3215111,-0.21849218,0.21359634
990,2360076198,-85.5069809,-83.60613251,-115.8828735,0.31812695,0.18762694,0.15739155
991,2360092865,-84.99312592,-83.59427643,-116.3209534,0.27148607,0.08170544,0.05889511
992,2360109532,-84.67211914,-83.58662415,-116.577179,0.064533666,-0.29938376,0.03482914
993,2360126199,-84.47238922,-83.56184387,-116.7838593,0.054182347,-0.5248144,0.15516186
994,2360142866,-84.41526031,-83.52407074,-116.9359436,0.16671354,-0.39851707,0.19389915
995,2360159533,-84.56161499,-83.49000549,-116.9070511,0.2783965,-0.007312561,0.16695404
996,2360176200,-84.84658051,-83.47460175,-116.6759872,0.29128918,0.2983701,0.18216324
997,2360192867,-85.21850586,-83.4811554,-116.2744751,0.19617467,0.35039043,0.15560246
998,2360209534,-85.65551758,-83.49932098,-115.7830048,0.039088156,0.22350742,0.18937969
999,2360226201,-86.08079529,-83.51605988,-115.3385086,-0.062230323,-0.018783303,0.1500454
1000,2360242868,-86.58073425,-83.52056122,-114.9182892,-0.14708005,-0.28997952,0.080304146
1001,2360259535,-87.15221405,-83.5062027,-114.5237579,-0.1212105,-0.24393092,0.10698795
1002,2360276202,-87.73869324,-83.49012756,-114.1533585,0.007132759,0.06463369,0.18137169
1003,2360292869,-88.32589722,-83.48916626,-113.7284241,0.10933444,0.32455796,0.17925835
1004,2360309536,-88.8818512,-83.50544739,-113.2407913,0.12363597,0.40130082,0.1793251
1005,2360326203,-89.41304016,-83.5269165,-112.7136536,0.05804739,0.23828745,0.20544243
1006,2360342870,-89.92435455,-83.54608917,-112.2074051,-0.07176717,-0.05384008,0.22103882
1007,2360359537,-90.44333649,-83.55937958,-111.7542343,-0.16158871,-0.22257146,0.14959908
1008,2360376204,-90.98644257,-83.5655365,-111.3351059,-0.13266315,-0.14158529,0.18291092
1009,2360392871,-91.49487305,-83.57230377,-110.9537582,-0.030211534,0.0560504,0.20144749
1010,2360409538,-91.97931671,-83.58280945,-110.5594711,0.045177374,0.15351781,0.19186401
1011,2360426205,-92.47046661,-83.60079956,-110.1139374,0.045341477,0.13679183,0.1331377
1012,2360442872,-92.9633255,-83.62234497,-109.6555557,-0.07529059,0.027717004,0.091091156
1013,2360459539,-93.42649841,-83.64041138,-109.2421799,-0.15399286,-0.07279543,0.10450745
1014,2360476206,-93.85715485,-83.6521759,-108.8983002,-0.19673777,-0.13719879,0.11577606
1015,2360492873,-94.2929306,-83.65325165,-108.5864868,-0.085539654,-0.08171707,0.2065134
1016,2360509540,-94.66366577,-83.64905548,-108.3395844,0.061633755,0.06704997,0.3003006
1017,2360526207,-94.98096466,-83.65130615,-108.115654,0.2638209,0.18576844,0.30398846
1018,2360542874,-95.36605072,-83.6623764,-107.7984085,0.3087118,0.13777484,0.20848942
1019,2360559541,-95.93777466,-83.674263,-107.2923508,0.20383027,-0.022963107,0.15127659
1020,2360576208,-96.58743286,-83.68044281,-106.7494202,0.10426388,-0.1646683,0.13349724
1021,2360592875,-97.32863617,-83.68012238,-106.1749802,0.07414989,-0.17847475,0.13955784
1022,2360609542,-98.14190674,-83.67488861,-105.5678864,0.098044604,-0.07758671,0.19076729
1023,2360626209,-98.96647644,-83.67042542,-104.9346542,0.17480844,0.04935965,0.20493317
1024,2360642876,-99.83301544,-83.67163849,-104.2192078,0.2062708,0.20257677,0.2213726
1025,2360659543,-100.7221451,-83.68267059,-103.4319153,0.1572176,0.18879548,0.22271442
1026,2360676210,-101.6197586,-83.6995163,-102.6111984,0.07494464,0.07657442,0.17365456
1027,2360692877,-102.5713654,-83.70639801,-101.754982,-0.07565881,-0.11897902,0.16176987
1028,2360709544,-103.479744,-83.69933319,-100.9722824,-0.12168699,-0.20923343,0.20522118
1029,2360726211,-104.3358459,-83.68248749,-100.263649,-0.04513636,-0.18223721,0.21010685
1030,2360742878,-105.1880417,-83.65937805,-99.54824829,0.08051856,-0.06863032,0.20149612
1031,2360759545,-106.0487518,-83.64097595,-98.77873993,0.15887097,0.07534264,0.12624168
1032,2360776212,-106.9381409,-83.62532806,-97.91620636,0.11022966,0.18449973,0.07695484
1033,2360792879,-107.8197174,-83.61036682,-97.00226593,-0.023757527,0.18170547,0.14839649
1034,2360809546,-108.5878983,-83.59599304,-96.16835785,-0.094988994,0.11748087,0.2598343
1035,2360826213,-109.2658539,-83.58598328,-95.443367,-0.12141858,0.015770962,0.26456928
1036,2360842880,-109.9200516,-83.57779694,-94.77764893,-0.09874966,-0.014019459,0.16578197
1037,2360859547,-110.5134277,-83.5650177,-94.19667816,-0.076047435,-0.028720967,0.15025043
1038,2360876214,-111.0294418,-83.54724121,-93.70580292,-0.04529096,-0.03052863,0.15503216
1039,2360892881,-111.5457535,-83.52628326,-93.23150635,-0.036596615,0.007179292,0.1623106
1040,2360909548,-112.0486679,-83.50336456,-92.76267242,0.002142749,0.024939073,0.16655159
1041,2360926215,-112.532341,-83.48479462,-92.28116608,0.046931226,0.07275777,0.18496609
1042,2360942882,-112.9915237,-83.46833038,-91.78489685,0.0899838,0.042132974,0.19921112
1043,2360959549,-113.4561768,-83.45024872,-91.26649475,0.09937347,-0.010294057,0.21443176
1044,2360976216,-113.9313965,-83.4342804,-90.73501587,0.122408785,-0.048175033,0.19369316
1045,2360992883,-114.4397736,-83.41879272,-90.18170166,0.13900098,-0.07766645,0.1371975
1046,2361009550,-115.0096207,-83.39963531,-89.59196472,0.13580744,-0.12870228,0.10433674
1047,2361026217,-115.6213379,-83.37249756,-88.9916687,0.08741694,-0.124212295,0.13142395
1048,2361042884,-116.2476654,-83.34171295,-88.40171814,0.047602672,-0.06938021,0.19091988
1049,2361059551,-116.8703003,-83.31278992,-87.82519531,0.049974885,0.002106665,0.20214081
1050,2361076218,-117.4815063,-83.2844696,-87.25462341,0.02699644,0.01990612,0.19344997
1051,2361092885,-118.065094,-83.25389862,-86.70675659,-0.008860459,0.03538506,0.16284847
1052,2361109552,-118.6204834,-83.22471619,-86.18675995,-0.023012936,0.025878051,0.15666294
1053,2361126219,-119.1472397,-83.19481659,-85.69787598,-0.004677623,0.005844025,0.18483639
1054,2361142886,-119.65522,-83.16637421,-85.2315979,0.019489883,0.014051924,0.17197895
1055,2361159553,-120.1504898,-83.13645172,-84.77182007,0.06353589,0.010926431,0.17030716
1056,2361176220,-120.646553,-83.10474396,-84.29547119,0.09124908,0.009313226,0.17092323
1057,2361192887,-121.1728745,-83.07411957,-83.78337097,0.10075659,-0.006748247,0.15653992
1058,2361209554,-121.700119,-83.04421997,-83.27184296,0.0776181,-0.011869712,0.16617298
1059,2361226221,-122.2388306,-83.01503754,-82.75537872,0.040785972,9.02E-04,0.14827824
1060,2361242888,-122.7879944,-82.98477173,-82.24028778,0.045168083,-6.46E-04,0.13607502
1061,2361259555,-123.3358841,-82.95380402,-81.73074341,0.025739208,-0.017640872,0.15244293
1062,2361276222,-123.890686,-82.91980743,-81.22296143,0.015495511,-0.02020937,0.17366505
1063,2361292889,-124.4452591,-82.8908844,-80.72161865,-4.05E-04,0.04923912,0.19073391
1064,2361309556,-124.9786148,-82.86471558,-80.22234344,0.012808815,0.088515826,0.16483021
1065,2361326223,-125.4922256,-82.84056854,-79.72376251,-0.035222232,0.07695266,0.17112732
1066,2361342890,-125.9753647,-82.81163025,-79.24119568,-0.15171994,0.035860587,0.18588924
1067,2361359557,-126.3613281,-82.78582764,-78.85439301,-0.25674692,0.036156517,0.2193613
1068,2361376224,-126.6499481,-82.7674942,-78.5756073,-0.25980368,0.044933815,0.22667599
1069,2361392891,-126.8552628,-82.75673676,-78.38531494,-0.19809593,0.036398023,0.18325901
1070,2361409558,-126.9848175,-82.74734497,-78.26335907,-0.1237695,0.07312556,0.16769886
1071,2361426225,-127.0506287,-82.74169159,-78.18328094,-0.021177992,0.089199826,0.20407581
1072,2361442892,-127.0896149,-82.73885345,-78.11637115,0.029411875,0.06282927,0.19962978
1073,2361459559,-127.1455307,-82.7390976,-78.03514099,0.02953204,0.027318982,0.14683342
1074,2361476226,-127.2299957,-82.73912048,-77.93010712,0.021422822,-0.006637385,0.1317749
1075,2361492893,-127.3052368,-82.7359848,-77.83685303,-0.027281921,-0.005364814,0.1903429
1076,2361509560,-127.3555603,-82.73558807,-77.77837372,-0.010889719,-0.018826943,0.2040348
1077,2361526227,-127.398819,-82.73523712,-77.73694611,-0.011210712,-0.024432927,0.17841625
1078,2361542894,-127.4663162,-82.73396301,-77.67150879,0.017365504,-0.025741316,0.15203571
1079,2361559561,-127.5544968,-82.72711182,-77.57922363,0.004120294,0.013381553,0.17635345
1080,2361576228,-127.6041107,-82.72293091,-77.51178741,0.030428816,0.094525084,0.2438221
1081,2361592895,-127.6451187,-82.72409058,-77.44226837,0.09063587,0.0665003,0.20250797
1082,2361609562,-127.7110443,-82.7271347,-77.34934998,0.05559361,-0.120469905,0.0581131
1083,2361626229,-127.8205032,-82.72573853,-77.25292206,-0.029097335,-0.112107955,0.040317535
1084,2361642896,-127.9306488,-82.72031403,-77.17173004,0.01324637,0.013531083,0.2695608
1085,2361659563,-128.0310669,-82.72797394,-77.08771515,0.03906527,0.20046742,0.26376247
1086,2361676230,-128.1432343,-82.74623108,-76.94699097,-0.026876608,0.2408508,0.14056587
1087,2361692897,-128.1621857,-82.76818085,-76.85555267,-0.12106934,0.21254271,0.14479446
1088,2361709564,-128.1169586,-82.79611206,-76.82424927,-0.17275247,0.16576111,0.21671772
1089,2361726231,-128.0028381,-82.83155823,-76.88309479,-0.25823352,0.06490738,0.2725811
1090,2361742898,-127.796463,-82.87566376,-77.06811523,-0.29247284,0.030577969,0.24648762
1091,2361759565,-127.4809875,-82.92476654,-77.39452362,-0.23031484,-0.019232508,0.16794395
1092,2361776232,-127.0830612,-82.97093964,-77.82743835,-0.098274946,-0.06830612,0.13301182
1093,2361792899,-126.6680603,-83.01101685,-78.28305054,0.04649251,-0.090340026,0.14138699
1094,2361809566,-126.2915802,-83.04972076,-78.69062805,0.21695094,-0.06429702,0.17915058
1095,2361826233,-126.0043945,-83.08846283,-78.98323822,0.3315754,-0.09030359,0.12518406
1096,2361842900,-125.8167038,-83.11807251,-79.157341,0.3462747,-0.14804314,0.06581974
1097,2361859567,-125.7619247,-83.13527679,-79.20033264,0.3069871,-0.17811446,0.09996796
1098,2361876234,-125.8280563,-83.14502716,-79.14186859,0.25575727,-0.161604,0.17462158
1099,2361892901,-125.981926,-83.14823151,-79.02127838,0.1349035,-0.16871122,0.13604832
1100,2361909568,-126.1629562,-83.14665222,-78.89720917,0.09250419,-0.17741296,0.13298988
1101,2361926235,-126.3511124,-83.13704681,-78.78833771,0.08404157,-0.15629221,0.13696384
1102,2361942902,-126.5795822,-83.12194061,-78.65808105,0.101898886,-0.1284943,0.17232132
1103,2361959569,-126.8301926,-83.10630798,-78.5030899,0.09283169,-0.068626694,0.16113567
1104,2361976236,-127.0886383,-83.09004974,-78.31923676,0.07851612,0.014111156,0.13677025
1105,2361992903,-127.3507385,-83.07151794,-78.10417175,0.020957692,0.04299853,0.14591408
1106,2362009570,-127.573143,-83.05194855,-77.89358521,-0.01641753,0.0468881,0.18454266
1107,2362026237,-127.7681046,-83.0322113,-77.69484711,-0.035292305,0.004967799,0.1917553
1108,2362042904,-127.9433746,-83.01365662,-77.51068878,-0.051192038,-0.022200424,0.19744682
1109,2362059571,-128.0824738,-82.99403381,-77.36695862,-0.018074263,-0.015994085,0.19493103
1110,2362076238,-128.2279205,-82.97588348,-77.2191391,0.01627525,0.005557203,0.18423557
1111,2362092905,-128.3989258,-82.95628357,-77.04399109,0.023035372,0.025072174,0.16414452
1112,2362109572,-128.5651398,-82.9381485,-76.86062622,0.024538606,-0.018824037,0.17410469
1113,2362126239,-128.7069855,-82.91714478,-76.69681549,-0.017132254,-0.05769199,0.16487122
1114,2362142906,-128.8182373,-82.89615631,-76.56364441,0.003509335,-0.05576,0.16620827
1115,2362159573,-128.9434814,-82.87522888,-76.41068268,0.04507759,-0.017684009,0.17704391
1116,2362176240,-129.0748138,-82.85597992,-76.23719025,0.06288832,0.07441668,0.17935562
1117,2362192907,-129.2081604,-82.83867645,-76.03390503,0.039049584,0.09925814,0.14617538
1118,2362209574,-129.3168182,-82.82203674,-75.84135437,-0.009916515,0.035960272,0.13818645
1119,2362226241,-129.4206238,-82.80516052,-75.6690979,-0.07099709,-0.042999983,0.18560982
1120,2362242908,-129.497467,-82.79143524,-75.56076813,-0.11912548,-0.05466462,0.18070889
1121,2362259575,-129.5540009,-82.7798233,-75.50161743,-0.16237278,0.013333051,0.20061493
1122,2362276242,-129.5358429,-82.77243042,-75.51591492,-0.1652735,0.078186676,0.22197151
1123,2362292909,-129.4452057,-82.76799011,-75.59168243,-0.15702055,0.12914221,0.21976757
1124,2362309576,-129.2723846,-82.77001953,-75.73348236,-0.11736636,0.08461742,0.20477676
1125,2362326243,-129.0592041,-82.77702332,-75.9068985,-0.07012473,0.046935037,0.18916798
1126,2362342910,-128.8300018,-82.78846741,-76.0973053,-0.021360505,0.01853632,0.15213013
1127,2362359577,-128.5866394,-82.79846191,-76.30796814,0.014434258,0.003327326,0.15353489
1128,2362376244,-128.339447,-82.808815,-76.52722168,0.015636323,6.59E-04,0.17943192
1129,2362392911,-128.1038208,-82.82099915,-76.74094391,0.03533836,-0.013665414,0.16053009
1130,2362409578,-127.8894882,-82.83150482,-76.94723511,0.07153856,-0.045981366,0.14811993
1131,2362426245,-127.7217255,-82.83809662,-77.12193298,0.12236236,-0.05953888,0.16463375
1132,2362442912,-127.5935364,-82.84317017,-77.2592926,0.11352113,-0.004256581,0.18439484
1133,2362459579,-127.5165176,-82.85054016,-77.3338623,0.13172197,0.057358567,0.20123863
1134,2362476246,-127.4589157,-82.8596344,-77.37355042,0.10388715,0.06451674,0.17270756
1135,2362492913,-127.4273453,-82.8680191,-77.37386322,0.043278452,0.018611087,0.13683033
1136,2362509580,-127.3935471,-82.87610626,-77.38032532,-0.004763061,-0.03908236,0.14306164
