PacketCounter_tibia,SampleTimeFine_tibia,Euler_X_tibia,Euler_Y_tibia,Euler_Z_tibia,FreeAcc_X_tibia,FreeAcc_Y_tibia,FreeAcc_Z_tibia
1,2343592535,-129.1051025,-73.20713043,-23.07704353,0.037263744,0.017127462,-0.009520531
2,2343609202,-129.1227722,-73.19854736,-23.0568409,0.0719591,0.034623943,0.025515556
3,2343625869,-129.1142578,-73.19160461,-23.05579567,0.07704288,0.027878324,0.03631878
4,2343642536,-129.098999,-73.19439697,-23.05635071,0.1125975,0.009853345,-0.008311272
5,2343659203,-129.0953369,-73.19650269,-23.04601479,0.110519275,-0.019616056,-0.0593338
6,2343675870,-129.0937805,-73.19536591,-23.04325104,0.09817498,-0.06595107,-0.048841476
7,2343692537,-129.0945129,-73.19580841,-23.0562439,0.048160575,-0.11237326,-0.027127266
8,2343709204,-129.1167145,-73.19606781,-23.07682037,0.01396977,-0.08179155,0.028004646
9,2343725871,-129.1385498,-73.19927979,-23.11145401,-0.024183348,-0.057178304,0.07339764
10,2343742538,-129.1409302,-73.21678925,-23.17827225,-0.06973448,0.024878891,0.049793243
11,2343759205,-129.1452942,-73.23890686,-23.24203873,-0.12084678,0.09270871,-0.004030228
12,2343775872,-129.1494446,-73.25591278,-23.29096794,-0.16313864,0.14750078,-0.04034424
13,2343792539,-129.1607056,-73.2637558,-23.31427193,-0.15837304,0.14757174,-0.0476017
14,2343809206,-129.1786804,-73.25933838,-23.31628227,-0.1826891,0.15026742,-0.010902405
15,2343825873,-129.1914368,-73.24793243,-23.30336952,-0.18119451,0.15052089,0.01369381
16,2343842540,-129.2049103,-73.23659515,-23.26377869,-0.12906761,0.12996194,-0.001527786
17,2343859207,-129.2063293,-73.22949982,-23.21652412,-0.07480409,0.057902597,0.002149582
18,2343875874,-129.1729279,-73.22568512,-23.179245,-0.04901061,0.021828722,0.01647377
19,2343892541,-129.1042786,-73.228302,-23.17389679,-0.010867479,-0.011686822,-0.001544952
20,2343909208,-129.0539246,-73.22839355,-23.15532875,0.02070828,-0.029115357,-0.030957222
21,2343925875,-129.0232239,-73.22229767,-23.12533379,0.03143967,-0.049567685,-0.008886337
22,2343942542,-128.9974518,-73.21456909,-23.09300804,0.046638217,-0.06453541,0.019569397
23,2343959209,-128.9729614,-73.21105957,-23.07694244,0.065426655,-0.08169644,0.023087502
24,2343975876,-128.9264374,-73.21791077,-23.09317589,0.055657633,-0.049554944,0.07247639
25,2343992543,-128.8578491,-73.23549652,-23.13805771,0.049181093,-0.03839159,0.049099922
27,2344025877,-128.7420807,-73.27693939,-23.22546196,0.0055144,-0.006560552,-0.09993744
28,2344042544,-128.708313,-73.27950287,-23.25998688,-0.024215141,-0.009430794,-0.055174828
30,2344075878,-128.6221466,-73.27625275,-23.36827469,-0.07254708,-0.070717044,0.014436722
32,2344109212,-128.5703583,-73.28842163,-23.45777321,-0.0500222,0.006888669,-0.024154663
34,2344142546,-128.5630646,-73.29098511,-23.47148705,-0.027043978,0.017275205,-0.039004326
36,2344175880,-128.541748,-73.26977539,-23.48911285,-0.022663208,0.015541079,-0.013142586
39,2344225881,-128.5195007,-73.24037933,-23.52216339,0.09518573,0.00154928,-0.00390625
41,2344259215,-128.5227203,-73.23693085,-23.53728867,0.07781478,0.008107038,-0.012420654
43,2344292549,-128.5383911,-73.24201202,-23.5795269,0.023990791,-0.01898318,-0.002325058
45,2344325883,-128.5134735,-73.2486496,-23.71957397,-0.080158785,0.004471377,-9.78E-04
46,2344342550,-128.5354614,-73.25468445,-23.75993347,-0.097911164,0.040262617,-0.016075134
50,2344409218,-128.6623993,-73.24578094,-23.75402641,-0.08336863,0.20505895,0.013674736
52,2344442552,-128.6070251,-73.2556076,-23.79277039,-0.09692497,0.1925581,0.016958237
54,2344475886,-128.5957642,-73.24945068,-23.73368835,-0.049247056,0.077360965,-2.93E-04
55,2344492553,-128.5812531,-73.24188232,-23.70357323,-0.03432656,0.021043409,0.015778542
57,2344525887,-128.5434875,-73.24562073,-23.67824745,0.044899296,-0.09204688,-0.032263756
61,2344592555,-128.4858856,-73.27902985,-23.74781418,-0.073086224,0.023827488,0.056570053
63,2344625889,-128.5201111,-73.32709503,-23.73030472,-0.12696964,0.1235726,-0.012070656
64,2344642556,-128.5094299,-73.34286499,-23.73457909,-0.12731527,0.1234338,-0.050811768
66,2344675890,-128.4689636,-73.3345871,-23.75486565,-0.078274965,0.02796337,-0.00829792
68,2344709224,-128.442337,-73.33206177,-23.76051331,-0.014691549,-0.049565405,0.03319931
70,2344742558,-128.4102325,-73.36448669,-23.78680611,-0.04856568,-0.02023284,-0.012516975
72,2344775892,-128.4151611,-73.38347626,-23.79243851,-0.051167704,-1.57E-04,-0.0138731
73,2344792559,-128.4271698,-73.38228607,-23.79226685,-0.041287117,-0.004580898,0.0160141
75,2344825893,-128.489563,-73.38410187,-23.75801468,0.072303034,-0.020348173,-0.023797035
77,2344859227,-128.487915,-73.40484619,-23.80245781,0.04950509,-0.048930004,-0.02128601
81,2344925895,-128.4560699,-73.45425415,-23.94202232,-0.11090568,-0.003350906,-0.02735138
82,2344942562,-128.4760742,-73.45182037,-23.91724396,-0.14738648,0.017377462,-0.030591011
84,2344975896,-128.5074463,-73.4311142,-23.84660721,-0.05340736,0.06453143,-0.02904129
86,2345009230,-128.6118317,-73.39476776,-23.71133614,0.13093582,0.06616051,-0.020832062
88,2345042564,-128.6926727,-73.36636353,-23.64758682,0.1995438,-0.012424415,8.33E-04
90,2345075898,-128.713974,-73.36252594,-23.67981911,0.12795179,0.00239483,0.070674896
91,2345092565,-128.7171173,-73.37440491,-23.72306252,0.06090812,1.28E-04,0.12129116
93,2345125899,-128.6504669,-73.43797302,-23.87784386,-0.093852445,0.03334746,-0.004964829
95,2345159233,-128.5341187,-73.48615265,-24.03763962,-0.23852001,0.063949406,-0.077604294
97,2345192567,-128.4715729,-73.47964478,-24.032547,-0.2222453,0.077157676,-0.034482956
99,2345225901,-128.4815063,-73.45884705,-23.88920975,-0.17080522,0.100153476,-0.006674767
100,2345242568,-128.5023346,-73.44728088,-23.81442451,-0.10879088,0.09712398,-0.06978226
102,2345275902,-128.5410156,-73.39009094,-23.69649887,0.06359332,-0.03692445,0.0067482
104,2345309236,-128.5789337,-73.34990692,-23.6195507,0.16292617,-0.1736271,0.086081505
106,2345342570,-128.5937347,-73.38926697,-23.63778114,0.10458368,-0.10401175,-0.036126137
108,2345375904,-128.5415955,-73.41547394,-23.75424385,-0.010920648,0.025030322,-0.009947777
109,2345392571,-128.5102539,-73.42032623,-23.8114109,-0.018903663,0.05592484,0.014639854
111,2345425905,-128.4522095,-73.43521118,-23.89705086,-0.064919785,0.103969954,0.001252174
115,2345492573,-128.3656769,-73.43730927,-23.98880386,-0.09364832,-6.77E-04,0.003503799
118,2345542574,-128.3539581,-73.43032837,-24.04140663,-0.007482864,-0.050473697,-0.0367651
120,2345575908,-128.3833466,-73.42699432,-24.0024147,-0.023514792,-0.002700595,0.01103878
122,2345609242,-128.4122772,-73.42485046,-23.95694923,-0.07645294,0.16968009,0.008401871
124,2345642576,-128.4239502,-73.40908813,-23.94039154,-0.022090986,0.16925317,0.001227379
126,2345675910,-128.4063263,-73.38677979,-23.91909599,0.101641834,-0.037308224,-0.012440681
127,2345692577,-128.392334,-73.38118744,-23.90838814,0.10521259,-0.09203336,-0.01878357
129,2345725911,-128.3857422,-73.38362122,-23.90527725,0.034032196,-0.14984499,-0.0239954
131,2345759245,-128.4106445,-73.38430786,-23.9276371,-0.030593155,-0.052629925,-2.87E-04
133,2345792579,-128.4569702,-73.38931274,-23.94469261,-0.06401757,0.10091286,-0.014144897
135,2345825913,-128.5358429,-73.38061523,-23.89281464,-0.11062195,0.19172439,0.033150673
138,2345875914,-128.536499,-73.36362457,-23.83904266,-0.13679169,0.11873746,0.004098892
140,2345909248,-128.5506744,-73.34494781,-23.73139954,-0.08233904,-0.04019959,-0.040906906
142,2345942582,-128.6095123,-73.31123352,-23.55439377,-0.004279365,-0.088397585,-0.058563232
144,2345975916,-128.6756439,-73.26633453,-23.39655685,0.022543838,-0.08356032,0.019201279
145,2345992583,-128.6955261,-73.2534256,-23.35439873,0.031767562,-0.06688782,0.030243874
147,2346025917,-128.7458496,-73.25944519,-23.30286598,0.05951907,-0.022388957,0.021785736
149,2346059251,-128.7742157,-73.27313995,-23.29518127,-0.003700425,0.06706394,-0.03285408
151,2346092585,-128.7766266,-73.2664032,-23.32035255,-0.086767256,0.07611186,-0.010263443
153,2346125919,-128.7796631,-73.24382019,-23.3289547,-0.08476388,0.025408283,0.029088974
154,2346142586,-128.7924805,-73.24030304,-23.31444359,-0.0720974,-0.007248972,0.006933212
158,2346209254,-128.8628235,-73.21599579,-23.21845055,-0.005850535,-0.025952872,0.020533562
160,2346242588,-128.8825531,-73.20751953,-23.21977425,-0.013508368,-0.03231327,-0.019990921
162,2346275922,-128.9139557,-73.20788574,-23.22592545,-0.011449535,0.02409872,0.023679733
163,2346292589,-128.9143066,-73.21138,-23.24213791,-0.02154866,0.049175642,0.024962425
165,2346325923,-128.8949432,-73.22572327,-23.28427315,-0.05291915,0.13325708,0.036263466
167,2346359257,-128.8527527,-73.24591064,-23.33475494,-0.11133102,0.12200946,-0.020244598
169,2346392591,-128.8733521,-73.23292542,-23.31159592,-0.075896844,0.06979706,-0.018704414
171,2346425925,-128.8596649,-73.21244812,-23.29679489,-0.012640831,-0.0559292,0.004393578
172,2346442592,-128.84021,-73.20898438,-23.30056763,1.20E-04,-0.06665536,0.006835938
174,2346475926,-128.851532,-73.22031403,-23.26329041,-0.004721767,-0.03743797,0.00226593
178,2346542594,-128.9074249,-73.24851227,-23.24106598,-0.025551302,0.08621107,-0.015400887
180,2346575928,-128.9276123,-73.2407608,-23.24520683,-0.03993802,0.06545633,0.021455765
181,2346592595,-128.935318,-73.24015045,-23.24398422,-0.04505932,0.036016542,0.036930084
183,2346625929,-128.9426117,-73.25402832,-23.24411201,-0.052808147,0.016590025,0.011648178
185,2346659263,-128.9209595,-73.27069855,-23.26215363,-0.027006233,-0.007416942,-0.016330719
187,2346692597,-128.9068451,-73.28567505,-23.24769592,-0.067285866,-0.030384462,0.013547897
189,2346725931,-128.8765106,-73.30294037,-23.22690582,-0.12945127,0.01697715,0.056991577
190,2346742598,-128.8487091,-73.3199234,-23.22391701,-0.13494885,0.05412679,0.035990715
194,2346809266,-128.6884766,-73.34306335,-23.19244576,-0.055026766,-6.80E-04,-0.027744293
196,2346842600,-128.6146698,-73.34093475,-23.11970139,-0.05138817,-0.13623953,0.004227638
198,2346875934,-128.5455017,-73.35502625,-23.09565544,-0.03702316,-0.119681574,-0.06335831
199,2346892601,-128.5469818,-73.3500824,-23.05932045,0.008094298,-0.0937296,-0.07677555
201,2346925935,-128.5759277,-73.31745911,-22.97159004,0.004804104,-0.061982937,0.06508255
203,2346959269,-128.6273804,-73.31739807,-22.92028046,0.037350077,0.06578378,0.008206368
205,2346992603,-128.6355743,-73.30915833,-22.92923355,0.08235432,0.09400826,0.026435852
207,2347025937,-128.5737305,-73.32003784,-23.00997543,0.017962785,0.06880344,0.05930996
208,2347042604,-128.5334473,-73.34182739,-23.06997299,-1.70E-04,0.07238892,0.014314652
210,2347075938,-128.4918213,-73.38109589,-23.17198372,-0.013402256,-0.007349218,-0.11850071
212,2347109272,-128.5453033,-73.35224152,-23.16111374,0.013351044,-0.11621132,-0.07980251
216,2347175940,-128.627182,-73.34749603,-23.32406425,0.08740184,-0.07300011,-0.022299767
217,2347192607,-128.6452789,-73.35906219,-23.38941002,0.053273477,0.004751215,-0.056598663
219,2347225941,-128.7663727,-73.3620224,-23.42414093,-0.060652588,0.09752105,0.030481339
221,2347259275,-128.8102112,-73.38217163,-23.50889015,-0.2091838,0.11607553,0.02924633
223,2347292609,-128.7332458,-73.40300751,-23.64644432,-0.24952435,0.16372469,0.015583992
225,2347325943,-128.7971191,-73.42436218,-23.57934952,-0.116775796,0.098138615,-0.072442055
226,2347342610,-128.7852631,-73.40454865,-23.563097,-0.12342754,0.048515946,-0.027107239
228,2347375944,-128.6857605,-73.34994507,-23.57839775,0.009737062,-0.00483995,0.017245293
230,2347409278,-128.7144012,-73.31903839,-23.4822216,0.19267249,-0.16147883,0.03299141
232,2347442612,-128.6904297,-73.33423615,-23.48720932,0.16573086,-0.23128495,-0.076797485
235,2347492613,-128.7160492,-73.36070251,-23.62309837,-0.044262145,-0.061934657,-0.020730972
237,2347525947,-128.7269287,-73.3371582,-23.77598,-0.093371026,0.01196342,0.055099487
239,2347559281,-128.7326813,-73.36820984,-23.87561989,-0.15269478,0.18434489,0.08179474
241,2347592615,-128.6492004,-73.40955353,-23.9642601,-0.23260286,0.2774938,0.08562946
243,2347625949,-128.4107666,-73.4777832,-24.12249184,-0.26118,0.25222665,-0.011257172
244,2347642616,-128.3096466,-73.50284576,-24.1553936,-0.2822435,0.16984604,-0.04269123
246,2347675950,-128.1096191,-73.52519226,-24.18345642,-0.26060197,-0.018969657,-0.05322838
248,2347709284,-127.9191208,-73.55043793,-24.20154381,-0.12804103,-0.13872533,-0.07304859
250,2347742618,-127.6874542,-73.53377533,-24.3483429,-0.116289236,-0.1859335,0.013090134
252,2347775952,-127.6059265,-73.54684448,-24.42803001,0.12005655,-0.21945608,0.06477356
255,2347825953,-127.3354645,-73.67005157,-24.77184296,0.078077435,-0.06623639,0.07410145
257,2347859287,-126.988121,-73.77226257,-25.27826118,-0.18087867,-0.06173305,0.060962677
259,2347892621,-126.6445236,-73.92327118,-25.77908134,-0.22562131,-0.07084198,0.050533295
261,2347925955,-126.0899124,-74.08053589,-26.48522758,-0.33959863,-0.016563874,0.04725361
262,2347942622,-125.6870804,-74.16293335,-26.9503212,-0.4644705,0.002568164,0.15801811
264,2347975956,-124.6385193,-74.40885925,-28.11224747,-0.7293786,-0.032527395,0.038279533
266,2348009290,-123.4127197,-74.63890076,-29.51247978,-0.68261224,-0.2381127,0.1687603
268,2348042624,-122.0195847,-74.89672852,-31.16295624,-0.40046754,-0.33297396,0.25343037
270,2348075958,-120.386795,-75.34494781,-33.13325119,-0.24610643,-0.08869877,-0.047493935
271,2348092625,-119.6258774,-75.61267853,-34.12865067,-0.16202536,0.11219445,-0.22812843
275,2348159293,-116.3289948,-76.48016357,-38.07978058,-0.52638936,-0.24117036,0.16729546
277,2348192627,-113.1534653,-77.14738464,-41.95211029,-0.54850185,-0.61807656,0.41519737
279,2348225961,-107.5277939,-77.90827179,-48.94264984,0.18081279,-0.6145132,-0.12037563
280,2348242628,-104.2557449,-78.21785736,-52.94449997,0.5353239,-0.6063827,-0.4330988
282,2348275962,-98.12501526,-78.59938049,-60.38629913,0.49767563,-0.88274616,-0.42076683
284,2348309296,-93.31882477,-78.70167542,-66.5109787,-0.39303106,-0.24032336,-0.20270538
286,2348342630,-89.31349945,-78.68441772,-71.55625916,-0.52112067,0.6490592,-0.40304756
288,2348375964,-85.89508057,-78.70346832,-75.78936768,-0.17815408,0.18685058,0.40490818
289,2348392631,-83.82994843,-78.75492859,-78.31197357,-0.20411964,-0.13440046,0.84130764
291,2348425965,-77.54502106,-78.79592133,-85.65615082,0.15745294,0.36785585,0.5847359
293,2348459299,-67.69164276,-78.40588379,-96.37882996,1.1260495,1.2895501,0.265193
295,2348492633,-57.71047592,-77.30157471,-107.0368271,1.4160255,1.5016506,-0.41951084
298,2348542634,-44.93688202,-74.14784241,-119.3946304,1.6224526,1.1499797,0.5241022
300,2348575968,-36.73775101,-71.24469757,-126.2269821,1.4471661,1.8082116,-0.18280125
302,2348609302,-30.60653496,-68.68230438,-130.6171722,0.6207533,1.1861045,-0.6282406
304,2348642636,-26.0668602,-65.83312988,-133.4791718,-0.19972461,1.3016672,-1.3091259
306,2348675970,-21.68604851,-63.18491364,-135.493927,-1.4520912,0.23182842,-2.3452282
307,2348692637,-19.12719536,-61.86763,-136.674881,-1.3632544,-0.80123097,-1.70718
309,2348725971,-14.40988064,-58.7665863,-139.1621246,0.19966835,-1.3867879,-0.94874954
313,2348792639,-9.787133217,-52.86360931,-140.842041,0.18295605,-1.6457698,-1.4080915
315,2348825973,-9.726306915,-50.27446365,-140.947403,-0.007121193,-0.38341692,-0.99461937
316,2348842640,-10.26125336,-48.76551056,-141.146286,0.41405702,-0.08719341,-0.7230177
318,2348875974,-10.71690464,-45.68334961,-141.5283051,0.8454185,0.38540027,0.31446457
320,2348909308,-10.44031811,-43.04166794,-141.8085175,-1.0002981,0.91347843,-0.46692467
322,2348942642,-10.08393669,-40.56296921,-142.5155029,-0.21365444,1.0146831,0.016643524
324,2348975976,-8.926303864,-37.94678116,-142.9712372,0.27924466,0.13597679,-0.09065914
325,2348992643,-8.384254456,-36.76895523,-143.0439911,0.20921794,-0.320956,-0.29071426
327,2349025977,-7.765645027,-34.50047302,-143.2380066,-0.062287185,-1.0801013,0.60096455
329,2349059311,-7.783164501,-32.27579117,-143.3704224,-0.77586794,0.46011266,0.71060085
333,2349125979,-7.607791901,-28.47372437,-142.96315,-0.44057673,0.21258233,0.5467377
334,2349142646,-7.637691975,-27.67743301,-142.7681885,-0.074233666,-0.19129926,1.0452967
336,2349175980,-7.7008214,-26.25360107,-142.4551086,0.23062636,-1.1026287,0.61163235
338,2349209314,-8.002466202,-24.96879005,-142.3892059,0.39071697,-0.28203553,0.70287037
340,2349242648,-8.311840057,-23.92408943,-142.528595,0.8074207,0.059662815,0.905077
342,2349275982,-8.33258152,-23.07417488,-142.6313019,0.37366867,0.26960254,0.34084415
343,2349292649,-8.336338043,-22.75646019,-142.6629486,0.23669933,0.58525974,0.734478
345,2349325983,-8.407493591,-22.31823158,-142.7929535,0.4439179,0.31521747,1.0308876
347,2349359317,-8.467759132,-22.16328812,-142.786377,-0.002306911,0.4780199,1.1449451
349,2349392651,-8.459517479,-22.37978363,-142.5815735,0.48326665,-0.03695647,1.3883057
352,2349442652,-8.499147415,-23.37236977,-142.1338959,0.70615214,-0.4255428,1.3684807
354,2349475986,-8.70691967,-24.55130005,-142.2088776,0.49112853,-0.5498462,1.292881
356,2349509320,-9.239124298,-26.09921455,-142.3387756,0.20521931,0.05633253,1.5167007
358,2349542654,-9.640912056,-28.02180672,-142.237915,0.03797379,0.33513388,1.0519323
360,2349575988,-9.94000721,-30.23777962,-141.8546906,0.24965657,0.41540912,0.96891594
361,2349592655,-10.02312279,-31.46069145,-141.6014862,0.35834134,0.4159303,0.7570839
363,2349625989,-10.08720016,-34.11597443,-141.1231537,0.27169535,0.7625468,0.46214294
365,2349659323,-9.951910973,-37.02536392,-140.7741699,0.59963983,0.41992044,0.2573862
367,2349692657,-9.66928196,-40.22889328,-140.3139954,0.22076905,0.15851684,-0.1164875
369,2349725991,-9.449625969,-43.73903656,-139.6476288,0.13020484,-0.23327947,0.07809925
372,2349775992,-10.49647522,-49.22045898,-137.9580841,-0.332164,-0.8273929,0.08167744
374,2349809326,-12.31393242,-52.80244827,-136.2754364,-0.3172422,-1.6678369,-0.43189907
376,2349842660,-14.89256477,-56.38931274,-134.4047394,-0.51524097,-2.0754018,-0.7556095
378,2349875994,-19.20106697,-60.18645859,-132.273468,-0.39307678,-2.0162513,-1.1764078
379,2349892661,-21.97185326,-62.05812454,-130.9558105,-0.5416466,-1.5135858,-1.3545618
381,2349925995,-28.29870605,-65.46972656,-127.6505814,-0.63983285,-0.2755412,-1.8097086
383,2349959329,-35.6035881,-68.686409,-123.2152328,-0.21409576,0.52869296,-1.744914
385,2349992663,-43.49109268,-71.7556839,-117.6877518,-0.0692294,1.3035793,-1.6623297
387,2350025997,-51.14031601,-74.40831757,-111.3632431,0.44866288,2.4757884,-1.563324
388,2350042664,-54.96996689,-75.50610352,-107.6337509,0.61654663,2.648073,-1.220231
390,2350075998,-62.05284119,-76.97013855,-99.92115021,0.17763107,2.8141453,0.4380932
392,2350109332,-67.59325409,-77.48934174,-92.88404846,-0.7220265,2.0121794,1.3744602
394,2350142666,-72.15583038,-77.76133728,-85.89141083,-0.4807765,0.4015172,0.45815468
396,2350176000,-76.37942505,-78.44067383,-78.54363251,-0.038069867,-0.85435706,-0.2938671
397,2350192667,-78.60397339,-78.83168793,-74.85417938,-0.035229478,-1.3701042,-0.29419327
399,2350226001,-82.8387146,-79.26514435,-68.84947205,0.3299919,-2.1988363,-0.23202801
401,2350259335,-85.73554993,-79.20063782,-66.1206131,0.6382925,-2.4176118,-0.1001215
403,2350292669,-88.06776428,-79.0209198,-65.46656799,0.3182205,-1.4647712,-0.023266792
405,2350326003,-88.88602448,-78.8579483,-66.84162903,-0.01043846,0.09934749,0.5367441
408,2350376004,-86.78869629,-78.55051422,-71.31758118,-0.6925647,1.7482039,0.2081995
410,2350409338,-85.15881348,-78.64476776,-73.58074951,-1.0095229,1.4941709,0.23436928
412,2350442672,-83.46012878,-78.79294586,-74.89429474,-1.1666301,1.2184904,-0.10551453
414,2350476006,-81.75092316,-78.96374512,-75.57683563,-0.5943826,0.29243898,0.068743706
415,2350492673,-80.18178558,-79.09360504,-76.64672852,-0.43634215,-0.29579896,0.22025585
417,2350526007,-75.78495026,-79.33052063,-80.42360687,-0.41079697,-1.0097419,0.17919827
419,2350559341,-69.50423431,-79.26902008,-86.86552429,-0.622396,-1.2580818,0.43345547
421,2350592675,-59.38635254,-78.35825348,-97.60105133,-0.548213,-0.9311401,0.17923164
423,2350626009,-51.40881729,-76.88312531,-106.9154663,0.83947754,0.34611103,-0.3072281
424,2350642676,-48.64176941,-76.00214386,-110.6451721,1.0380461,0.14527023,-0.053344727
428,2350709344,-38.69511032,-71.98369598,-122.6018524,0.12004638,1.5463331,0.035570145
430,2350742678,-35.61710358,-69.72396851,-125.5919113,0.69941586,1.4746027,0.035510063
432,2350776012,-32.01074219,-67.22997284,-128.6183319,0.12959847,-0.046880502,-0.70392036
433,2350792679,-29.37614822,-66.10177612,-130.3677826,0.09223854,-0.6763902,-1.5266552
435,2350826013,-24.78344536,-64.04248047,-133.5010834,0.4709954,0.2669309,-1.3806868
437,2350859347,-21.0000515,-61.81097412,-136.0158539,0.3797637,0.11621791,-0.9382229
439,2350892681,-17.87988472,-59.0247612,-137.6615448,0.5873685,-0.021031005,-0.910655
441,2350926015,-14.95474529,-56.16773987,-139.0989685,0.6114792,-0.61756253,-1.2767429
442,2350942682,-13.67425728,-54.71648026,-139.6827545,0.94553614,-0.70311207,-0.99373055
444,2350976016,-12.12966347,-51.66013336,-140.4937134,0.39429477,-0.9067745,-1.1284103
448,2351042684,-9.417888641,-45.54825974,-143.0480347,-0.48333392,-0.1888842,-0.1385622
450,2351076018,-9.585326195,-42.48825455,-143.3096466,0.043449577,0.437075,0.29482841
451,2351092685,-9.42056942,-40.89704132,-143.2043304,-0.24501881,-0.33961362,0.018094063
453,2351126019,-8.881781578,-37.921875,-143.0161591,-0.1467886,-0.8470504,-0.24133396
455,2351159353,-8.972630501,-35.10929489,-143.3252716,0.6421164,-0.9357934,0.92253685
457,2351192687,-8.62100029,-32.47053528,-144.1613312,-0.6725865,-0.24554586,-0.6963177
459,2351226021,-8.625240326,-29.94762421,-144.8192444,1.1695962,0.9080078,0.624856
460,2351242688,-8.677750587,-28.68095207,-144.9149933,1.2412088,0.7988522,0.51020813
462,2351276022,-8.296305656,-26.46606255,-144.9819489,-0.049025375,0.7031216,0.24697685
464,2351309356,-8.288013458,-24.51997566,-145.273819,0.59056985,0.066640384,0.89013577
468,2351376024,-8.388113022,-21.38370132,-146.0871124,-0.15405864,-0.17612498,0.7129803
469,2351392691,-8.492032051,-20.72032928,-146.0736542,0.052717816,0.35768607,0.86100674
471,2351426025,-8.769522667,-19.65678787,-145.920639,-0.14566395,0.99974364,1.372859
473,2351459359,-8.513367653,-19.02354813,-145.9120331,-0.33893615,0.6810139,1.4220266
475,2351492693,-8.058506012,-18.74712563,-146.0054321,0.22139752,-0.30057272,0.89379597
477,2351526027,-8.17650795,-18.58215332,-145.8761749,0.43292132,-0.7799595,1.2026615
478,2351542694,-8.361984253,-18.60902405,-145.7446747,-0.022844082,-0.3470818,0.4807968
480,2351576028,-9.044695854,-18.82086563,-145.5585327,-0.11525675,0.09832642,1.18649
482,2351609362,-9.439097404,-19.33992386,-145.4603577,-0.51567507,0.24473624,1.620636
484,2351642696,-9.292407036,-20.24528122,-145.3480682,-0.14570695,0.13087282,1.316783
486,2351676030,-8.929377556,-21.50218773,-145.200119,0.4689455,0.09424446,0.88260174
487,2351692697,-8.748855591,-22.2341938,-145.1026154,0.74074996,0.5356947,1.1736069
489,2351726031,-8.362293243,-24.05051994,-144.8393555,0.7014402,0.7839339,0.9265652
491,2351759365,-8.007063866,-26.25793266,-144.5724335,0.7244429,0.5261542,0.5791178
493,2351792699,-8.235360146,-28.76396561,-144.1807404,0.7628239,0.21388496,0.49261189
495,2351826033,-8.883237839,-31.48718262,-143.5227814,0.842897,0.23831895,0.39753723
496,2351842700,-9.246832848,-32.96592712,-143.1026001,0.4555286,0.34287816,0.30908012
498,2351876034,-9.815517426,-36.21377945,-142.2812653,-0.2160972,0.5674359,0.64669037
500,2351909368,-9.677363396,-39.74889374,-141.7505951,-0.546294,0.05917785,0.37126923
504,2351976036,-9.417084694,-47.67920685,-140.072052,0.2034053,-0.9411657,-0.518734
505,2351992703,-9.852694511,-49.68888855,-139.4243774,0.15423119,-1.2201333,-0.6421442
507,2352026037,-11.47855473,-53.68246841,-137.9563293,-0.28024435,-1.9396839,-0.9872942
509,2352059371,-14.49230957,-57.8009758,-136.1039886,-0.30074024,-2.2857587,-1.1615286
511,2352092705,-19.01298523,-62.05170059,-133.7399902,-1.26858,-1.7913952,-1.2938156
513,2352126039,-24.88724709,-66.02474213,-130.9551239,-0.9745517,-0.92386615,-1.4906483
514,2352142706,-28.63717651,-67.95765686,-128.9251404,-0.6223531,-0.2668093,-2.0196815
516,2352176040,-37.57707977,-71.65251923,-123.0041962,0.036580563,1.4448886,-2.5476928
518,2352209374,-47.70830917,-74.99323273,-114.906456,0.4392896,2.2299147,-2.6963878
520,2352242708,-61.69906616,-78.17310333,-100.9166718,0.8935724,3.4067135,-2.038319
523,2352292709,-89.9654541,-80.38266754,-69.59291077,0.4658979,2.5097778,2.289874
525,2352326043,-100.1893692,-79.79320526,-56.95517731,-0.28217328,-0.43742922,2.7947206
527,2352359377,-102.3560562,-79.43444824,-52.56780243,-0.038236033,-1.2875602,0.5013199
529,2352392711,-104.7669449,-79.33554077,-47.86148071,-0.525396,-1.8206093,-0.32291698
531,2352426045,-108.58181,-79.32476807,-42.7605629,-0.91058695,-2.1232967,-0.6160736
532,2352442712,-110.5843124,-79.26522064,-40.80020905,0.026194412,-1.7457893,-0.5061922
534,2352476046,-111.6038666,-79.12714386,-40.80659866,0.6451095,-0.92690253,0.46324444
536,2352509380,-109.9865646,-78.8846817,-44.01557159,0.3491873,-0.024730591,-0.2913761
538,2352542714,-110.3187485,-78.49516296,-44.91373825,-0.008299204,0.48798388,0.060112953
540,2352576048,-111.8430176,-78.24414825,-43.86253357,-0.45163232,0.7460042,0.7270546
543,2352626049,-112.1218491,-78.55604553,-43.42472458,-1.329886,1.487347,0.030688286
545,2352659383,-110.9048691,-78.73402405,-43.56725311,-0.25290334,1.0380892,-0.5339718
547,2352692717,-109.7374268,-78.50267029,-42.88198471,0.37751535,0.11063143,-0.28034973
549,2352726051,-110.0627823,-78.10121918,-40.77471542,0.9393856,-0.5537442,-0.16074371
550,2352742718,-110.8052292,-77.99866486,-39.38883972,0.8199777,-0.82696444,0.10873222
552,2352776052,-112.1617889,-78.00550079,-37.31590271,0.1904687,-1.3040087,0.41709328
554,2352809386,-112.1278305,-78.12294006,-37.76162338,-0.03706697,-1.4983466,0.19609928
556,2352842720,-110.0324478,-78.30725098,-41.31096649,-0.13257499,-1.2852131,0.53175354
558,2352876054,-105.4814682,-78.57794189,-47.57453537,0.00334652,-0.27198207,0.076701164
559,2352892721,-102.8863831,-78.69277191,-51.07529068,-0.033638503,0.29286847,-0.028709412
563,2352959389,-87.76083374,-79.14939117,-69.91923523,-0.077219464,0.97031736,0.9219179
565,2352992723,-71.355896,-78.89259338,-88.17999268,-0.15656091,1.423137,0.7229376
567,2353026057,-53.70832443,-76.85122681,-107.7132721,0.7403648,2.4237316,0.31272125
568,2353042724,-47.10718155,-75.11019135,-115.1061172,-0.19813865,2.8834276,-0.111688614
570,2353076058,-39.97512436,-71.13697052,-122.6618118,-1.4829456,2.5349789,-2.3271961
572,2353109392,-34.93000412,-67.57096863,-125.8108978,-0.9012583,0.67664176,-2.4894123
574,2353142726,-27.99036407,-64.36106873,-128.7143097,1.1065882,-0.7707611,-2.123201
576,2353176060,-20.64264107,-61.69314575,-131.7828674,0.13726269,-1.0749015,-2.375875
577,2353192727,-16.87282372,-60.27074432,-133.5084686,-0.6602937,-1.9845597,-2.740499
579,2353226061,-11.65915489,-57.14940643,-136.3671875,-0.057583984,-3.4614067,-0.5125923
581,2353259395,-9.246090889,-53.28849411,-138.8076782,0.29556492,-2.8651538,-1.1268387
583,2353292729,-8.991470337,-49.12289429,-140.0490265,-0.23666477,-0.18726161,-1.0534639
585,2353326063,-10.45870209,-44.82886887,-139.935791,-0.5179101,0.1139611,-0.28077984
586,2353342730,-10.89449978,-42.75608826,-139.6196594,-0.73729026,-0.121554054,0.010066986
588,2353376064,-11.11046696,-38.93880844,-139.29776,-1.4932872,0.96715075,1.7594604
592,2353442732,-7.972943306,-32.8955307,-140.9329987,-0.2851241,-0.74624944,0.8124523
594,2353476066,-6.695420265,-29.96532822,-141.5050354,0.15020499,-0.7438961,-0.054494858
595,2353492733,-6.391724586,-28.64176559,-141.6332703,0.52049136,-0.18076438,0.11208439
597,2353526067,-6.596604824,-26.12019157,-141.585083,0.9169,0.18802133,0.5618448
601,2353592735,-7.687283993,-21.56152344,-141.4254913,0.04223427,0.45813856,1.0037212
603,2353626069,-7.843335152,-19.84301567,-141.584671,-0.24011642,0.41310632,1.0008402
604,2353642736,-7.739299297,-19.14465904,-141.6378632,0.53134316,0.3229069,0.9451418
606,2353676070,-7.901149273,-17.85140991,-141.5248718,1.8058864,0.46852875,1.2807894
608,2353709404,-8.128637314,-16.97554588,-141.3978882,0.9451361,0.6529662,1.1012487
610,2353742738,-8.343212128,-16.56695557,-141.4283295,0.7580467,0.63491106,1.2331123
612,2353776072,-8.270017624,-16.65593529,-141.5599823,0.26997513,0.45316336,1.6596327
613,2353792739,-8.094607353,-16.84464264,-141.5964508,0.7169566,0.21460356,1.81285
615,2353826073,-7.923057079,-17.62001419,-141.5027008,0.42290643,0.1489374,1.1580944
617,2353859407,-8.046653748,-18.71364403,-141.3860626,0.87838906,-0.21502353,1.4915581
621,2353926075,-9.099822998,-22.24954987,-141.2543945,0.453817,0.15482692,1.2984657
622,2353942742,-9.551787376,-23.36621094,-141.1302185,0.47403914,0.37207952,1.2562599
624,2353976076,-10.48431969,-25.91056252,-140.7111511,0.5833786,0.8096425,0.9103384
626,2354009410,-11.47824287,-28.69057846,-140.2457733,0.40009013,0.60649896,0.45921707
628,2354042744,-12.29385853,-31.6989727,-139.7974243,0.35979435,0.5903127,0.9353285
630,2354076078,-12.3399477,-35.13306808,-139.6676331,-0.4528654,0.366316,0.058707237
631,2354092745,-12.03833199,-37.05212402,-139.7642517,-0.7386948,0.6346988,0.45581055
633,2354126079,-11.08772564,-40.91527939,-140.1130066,-0.32235518,-0.29860917,0.24977493
635,2354159413,-10.41270733,-44.78504562,-139.9533386,-0.11080181,-0.63699406,-0.04306221
637,2354192747,-10.37190056,-48.89123154,-139.1865997,-0.2390185,-1.3500651,-0.3932438
640,2354242748,-12.534091,-55.08074951,-137.2734222,-0.4280297,-1.7731937,-0.9772253
642,2354276082,-16.12509155,-59.08261108,-135.6139069,-0.58146244,-2.1682584,-1.3886299
644,2354309416,-21.84161758,-62.92398071,-132.8271942,-0.32731542,-1.5497618,-1.5076475
646,2354342750,-29.14346886,-66.31510162,-129.22789,-0.9015996,-0.67141134,-1.8778133
648,2354376084,-37.07398224,-69.49607086,-125.0049591,-0.56832606,0.4783997,-1.8173852
649,2354392751,-41.3616066,-71.07613373,-122.2357712,-0.032643795,0.9832632,-1.6926832
651,2354426085,-50.1671257,-74.08773041,-115.264595,-0.09713583,2.0253842,-1.7220011
653,2354459419,-59.58325958,-76.75359344,-105.8045959,0.08480966,2.481104,-0.80406094
655,2354492753,-72.08966827,-78.96212006,-91.68586731,0.05105706,2.0488133,0.13901138
657,2354526087,-87.61428833,-80.10558319,-73.74401855,-0.16170861,1.534831,0.4490862
660,2354576088,-102.735054,-79.75097656,-54.96672821,0.21709028,-0.78636694,0.15466976
662,2354609422,-109.1385574,-79.49762726,-46.76250076,-0.045955017,-2.2496295,0.4169159
664,2354642756,-113.1910858,-79.37640381,-42.69708252,0.007686499,-1.218731,0.23603821
666,2354676090,-115.422699,-79.09676361,-41.50852203,0.4574872,-0.01864478,0.2420559
667,2354692757,-116.2621307,-78.99223328,-41.10022736,0.30585492,0.49841478,0.3288889
669,2354726091,-117.3258591,-78.97795868,-40.37794495,-0.22090688,1.0049597,0.357543
671,2354759425,-117.2195129,-79.07627106,-40.34345245,-0.28366077,0.8613204,0.10742283
673,2354792759,-117.3306961,-79.08287048,-39.67268372,-0.23498805,0.51022756,-0.19137573
675,2354826093,-117.9259109,-79.05132294,-37.99098969,-0.08148855,-0.2155465,-0.13578415
676,2354842760,-118.1318665,-78.97904205,-37.1492691,0.07084495,-0.54830307,0.13085747
678,2354876094,-117.9313583,-78.94831848,-36.33836365,-0.01984749,-0.5841204,-0.025862694
680,2354909428,-118.1237411,-78.92288971,-35.66978073,0.1626381,-0.13093624,-0.36542606
682,2354942762,-118.3055191,-78.76750946,-35.29362869,0.14668663,-0.001756365,0.07639408
684,2354976096,-117.7642517,-78.58323669,-35.71706772,0.11691398,-0.122115076,0.18258381
685,2354992763,-117.5812607,-78.51834106,-35.87749481,0.087539,-0.2211664,0.023313522
687,2355026097,-117.6508026,-78.44028473,-35.84081268,0.018850971,-0.37729356,0.21637726
689,2355059431,-116.8356171,-78.41227722,-36.73534775,-0.007074912,-0.3195625,0.34171867
691,2355092765,-114.3694,-78.50813293,-39.14035416,-0.13946936,0.047358148,0.06271553
693,2355126099,-111.7233963,-78.67751312,-41.63211823,-0.24518204,0.22169714,0.08211899
696,2355176100,-106.3008194,-78.91072083,-47.41012573,-0.22179364,-0.38974681,0.21899033
698,2355209434,-101.6981201,-79.11076355,-52.84279633,0.02258488,-0.35229352,-0.17302132
700,2355242768,-97.02037048,-79.32338715,-58.54917526,0.39791146,-0.33280465,0.10452747
702,2355276102,-90.63225555,-79.41521454,-66.04432678,0.28129315,-0.33170843,0.1843338
703,2355292769,-87.13259125,-79.36090851,-70.12565613,0.16875571,-0.15811932,-0.05371952
705,2355326103,-79.89485168,-79.19145203,-78.92932129,0.5205899,0.5146735,-0.014659882
707,2355359437,-71.24142456,-78.90770721,-89.23588562,0.486968,0.7868503,0.46194935
709,2355392771,-60.96109009,-77.81169891,-100.9395599,-0.39440554,0.79884726,0.26451683
711,2355426105,-52.77539063,-75.97354889,-110.1813049,0.74668974,1.6596713,-0.4578867
712,2355442772,-48.59639359,-74.84597015,-114.7564392,0.5639819,2.085767,-0.1238184
716,2355509440,-34.74574661,-68.13130951,-127.234787,-0.45176288,1.0267477,-2.3388467
718,2355542774,-28.75226974,-64.44095612,-129.8547668,-0.70140386,0.28962976,-3.9135847
720,2355576108,-22.50390053,-61.38365555,-130.9556427,-0.1974928,-0.5354596,-1.5760355
721,2355592775,-20.07849312,-60.16793442,-131.4268951,-1.2353778,-2.3782494,-0.35083294
723,2355626109,-15.23988914,-57.80150604,-133.9129486,-0.8403806,-2.5272386,-0.18657875
725,2355659443,-11.8131876,-54.39913559,-136.9015045,-0.7078341,-1.3277227,-1.0665293
727,2355692777,-9.208972931,-50.55968475,-138.8475494,-0.001436336,-1.7798444,-0.8616018
729,2355726111,-9.418081284,-46.80853271,-139.4097748,0.6924531,-1.823082,-0.100743294
730,2355742778,-10.09822178,-45.06431198,-139.5252686,-0.095379375,-0.8615628,0.65243053
732,2355776112,-11.20748615,-41.75026321,-140.3469849,-1.9104406,-0.18683761,0.48365974
736,2355842780,-11.13646317,-34.96251297,-142.966507,0.669624,0.7828364,0.06988335
738,2355876114,-10.35574913,-31.89418602,-143.7180481,0.012508411,0.9915795,0.6366415
741,2355926115,-8.521371841,-28.30800819,-145.0999756,-0.58634806,0.85085124,0.7867193
743,2355959449,-7.633845329,-26.1852932,-145.9069366,-0.4921601,-0.37711564,0.84261894
745,2355992783,-7.702236176,-24.2116127,-146.0176697,0.67590266,0.05028751,0.9090338
747,2356026117,-8.409637451,-22.53652382,-145.4928589,0.64986503,1.233666,1.5876427
748,2356042784,-8.661816597,-21.92026711,-145.264679,0.49184418,1.2763191,1.8147202
750,2356076118,-8.692400932,-21.11293793,-145.1233368,0.040687248,0.13422891,1.4300451
752,2356109452,-8.82263279,-20.69482803,-145.0887146,-0.021335684,-0.59779817,1.3643417
754,2356142786,-9.036659241,-20.66360092,-144.8748627,0.40788063,-0.07917829,1.8516817
757,2356192787,-9.131219864,-21.35934639,-144.6707306,0.7384772,0.29328632,1.681036
759,2356226121,-9.203145981,-22.45837975,-144.5979919,0.63760793,-0.095640354,1.2722006
761,2356259455,-9.646868706,-23.90908432,-144.3960571,0.5862675,0.08515033,1.2501802
763,2356292789,-10.22138786,-25.69304848,-143.9352875,0.63010824,0.3621086,1.1942835
765,2356326123,-10.67241192,-27.82585526,-143.378067,0.28890657,0.56066513,0.9324455
766,2356342790,-10.74664879,-29.06209755,-143.1270905,0.1371162,0.688752,1.2889633
768,2356376124,-10.46013927,-31.83830261,-142.7910004,-0.048234757,0.47868732,1.2133827
770,2356409458,-9.745445251,-35.07123184,-142.5357666,-0.33041948,0.23162167,0.5761099
772,2356442792,-9.19182682,-38.6203537,-142.0447998,0.16322856,-0.22220507,0.27964497
774,2356476126,-9.088884354,-42.32343292,-141.0576172,0.20513119,-0.15977454,-0.03476906
775,2356492793,-9.273519516,-44.19120789,-140.4338531,0.032197054,-0.1088032,-0.07339859
777,2356526127,-9.69970417,-48.14846802,-139.2042847,-0.13722977,-1.090293,-0.44679546
779,2356559461,-10.44025803,-52.23627472,-138.1069641,-0.10494087,-1.8353851,-0.7462425
781,2356592795,-12.77720642,-56.22634125,-136.8974609,-0.3357232,-2.1710885,-0.801816
783,2356626129,-17.16843224,-60.14550018,-134.9283295,-0.32358798,-2.1650786,-1.0986423
784,2356642796,-20.12714386,-62.0073967,-133.5587616,-0.3289127,-1.6093763,-1.3065443
786,2356676130,-26.80163383,-65.40129089,-130.3265076,-1.0073133,-1.0644015,-1.9243946
788,2356709464,-34.22019958,-68.73731995,-126.4777832,-1.1995895,0.046508577,-1.7650814
790,2356742798,-43.17815399,-72.27902985,-120.2615433,-0.262556,1.579686,-1.9520321
793,2356792799,-59.9381485,-77.17495728,-104.3637924,-0.08274391,1.762588,-2.030436
795,2356826133,-74.98954773,-79.3584671,-88.01476288,-0.057226785,1.9828963,-1.5119209
797,2356859467,-89.03910828,-79.86342621,-72.46302795,0.64185214,2.4056993,1.2849779
799,2356892801,-97.68335724,-79.19429779,-62.11354828,0.3300317,0.7322014,1.6228428
802,2356942802,-107.5112381,-78.76050568,-48.05539703,-0.30806983,-0.23799905,-0.22419834
804,2356976136,-113.5697403,-78.49266815,-39.33187866,-1.1183877,-1.1595731,0.044783592
806,2357009470,-117.4919052,-77.93354034,-34.77088165,0.19321485,-1.5178895,0.7617197
808,2357042804,-117.9530792,-77.86867523,-34.89662552,1.038204,-1.1840485,0.4920578
810,2357076138,-116.2569656,-78.0763855,-37.42564011,0.6906441,-0.36926898,-0.18761158
811,2357092805,-115.6304474,-78.11333466,-38.52944183,0.27591825,0.2722572,-0.24878407
815,2357159473,-114.8507767,-77.97077942,-40.13401031,-0.68389446,1.234684,-0.1780672
817,2357192807,-115.54142,-78.02333069,-38.81585693,-0.33875513,0.6943865,0.3310976
819,2357226141,-115.0064087,-77.99611664,-38.15825653,-0.24457687,0.3313726,-0.05743122
820,2357242808,-114.6848984,-77.96021271,-37.7551918,0.08574112,-0.022588667,-0.15127468
824,2357309476,-113.0502472,-77.97807312,-37.74411774,-0.059461333,-0.9307113,-0.003931999
826,2357342810,-112.0553665,-78.05731964,-39.19305801,-0.12042248,-0.82047886,0.019854546
828,2357376144,-110.3607941,-78.17253876,-41.92775345,-0.26802194,-0.6085974,0.23434544
829,2357392811,-109.026947,-78.25617218,-43.82055283,-0.09758961,-0.2922624,0.009444237
831,2357426145,-105.940979,-78.46356964,-48.01259232,0.07184469,0.058774296,0.39773178
833,2357459479,-100.9200058,-78.84011841,-54.03480911,-0.17739405,0.22629234,0.8375969
837,2357526147,-78.29288483,-79.37017822,-79.46665955,0.46876556,0.83606184,0.15893555
838,2357542814,-71.60944366,-79.14500427,-87.05115509,0.5062961,1.044633,-0.17689323
842,2357609482,-52.12201691,-76.70672607,-108.4347763,-0.95237684,0.619835,-0.36339378
844,2357642816,-45.29242706,-74.72898102,-114.9719086,-0.43135482,0.7001021,-0.15794754
846,2357676150,-37.79435349,-71.74463654,-122.0966949,-0.0757598,-0.09112076,-0.16390419
847,2357692817,-34.72141647,-70.003685,-125.09478,0.8730984,0.15723008,-0.9553642
849,2357726151,-29.69919014,-67.00130463,-129.1961212,1.3858991,0.48004028,-2.1450295
851,2357759485,-25.16005135,-63.96138382,-132.1313324,0.31250158,0.884459,-2.9447384
853,2357792819,-21.93569946,-61.06329727,-133.9535828,0.20694998,1.1002963,-1.5449429
855,2357826153,-18.33091545,-58.10964584,-135.7445679,-1.0629369,0.24862608,-1.0023727
858,2357876154,-12.64998817,-53.48029327,-137.7427368,-0.21113497,-1.0603164,-1.2892942
860,2357909488,-9.735528946,-50.06839371,-138.7177582,-0.61349124,-1.4899119,0.3983221
862,2357942822,-7.756491184,-46.93987274,-139.7324219,-0.30672336,-1.8013383,0.05486965
864,2357976156,-7.717463493,-43.81738281,-140.769577,-0.16322415,-0.3984257,-0.22316074
865,2357992823,-7.779289246,-42.14360809,-141.2474823,0.1716476,0.019196298,0.012425423
867,2358026157,-7.668586254,-38.65758133,-141.9697418,0.44453198,-1.1472635,-1.5131807
869,2358059491,-7.817778111,-35.36463165,-142.3788757,0.7129169,0.04204586,0.66421795
871,2358092825,-8.011639595,-32.50234604,-143.0121002,-1.7345879,0.19380127,0.95191574
873,2358126159,-7.52569294,-30.0625515,-143.678772,-1.4544971,0.08883494,1.5774031
874,2358142826,-7.289399147,-28.96678734,-143.834671,-0.5899182,-0.16905867,1.9082966
876,2358176160,-6.870001316,-27.03480148,-143.9985199,-0.17490882,-0.14541094,0.61853313
878,2358209494,-6.912361622,-25.07949257,-144.1214905,1.3592472,0.30022168,0.59655
880,2358242828,-7.345096588,-23.48851967,-144.1012573,1.6438437,1.0456753,1.3631334
882,2358276162,-7.799994946,-22.48514366,-144.0815735,0.40208003,0.2877702,0.92131424
883,2358292829,-7.881653309,-22.22194099,-144.0652924,-0.258931,0.17928137,1.2574387
885,2358326163,-8.035181046,-21.9101162,-143.9677277,-0.60141,0.019281624,1.8612127
887,2358359497,-8.028857231,-21.9603672,-143.7516937,0.017133884,0.10705913,1.4937468
889,2358392831,-7.982068062,-22.3976593,-143.5440369,1.1894313,0.48305386,0.9663811
891,2358426165,-8.330441475,-23.23039055,-143.267807,1.2516059,0.30312228,1.4045448
894,2358476166,-8.556051254,-25.31155777,-142.8781738,-0.23095664,-0.23640262,1.3969803
896,2358509500,-8.722805023,-27.07390976,-142.7751465,-0.06341913,-0.7339044,1.2788248
898,2358542834,-9.173380852,-29.1005497,-142.5654144,0.18352634,-0.10855421,1.044632
900,2358576168,-9.674354553,-31.42378807,-142.1121216,0.2619437,0.4472068,0.96737766
901,2358592835,-9.806550026,-32.71255112,-141.8537598,-0.15513203,0.6793049,0.6700134
903,2358626169,-9.610790253,-35.50244522,-141.4080963,-0.34294847,0.8360022,0.8319721
907,2358692837,-8.292495728,-42.12126541,-140.6578217,-0.4738439,-1.0325615,0.18301582
909,2358726171,-8.655499458,-45.58982849,-139.8410492,0.001880582,-1.371138,-0.011825562
910,2358742838,-9.239431381,-47.28858566,-139.2640533,-0.04189478,-1.397327,-0.05295086
912,2358776172,-11.14099693,-50.7163353,-137.9820557,-0.12252726,-1.4359305,-0.45458317
916,2358842840,-17.6458149,-58.04581833,-134.9309998,-1.0688199,-1.3381059,-0.93248653
918,2358876174,-22.21930313,-61.89975739,-132.5119476,-1.4056916,-1.2005132,-1.4328794
919,2358892841,-25.02880859,-63.84783173,-130.7985077,-1.3640734,-1.0185285,-1.6078053
921,2358926175,-31.66466141,-67.54805756,-126.4180298,-0.8834975,-0.13722612,-2.0507007
923,2358959509,-39.30235672,-70.93815613,-120.9245834,0.03954514,0.77987397,-2.7037091
925,2358992843,-48.90167236,-74.12491608,-112.5099335,0.35009506,1.45384,-2.8359814
927,2359026177,-61.5459671,-76.7873764,-100.1999588,0.82353425,2.3628497,-1.9856076
928,2359042844,-68.82694244,-77.80622864,-92.68818665,0.887655,2.6340222,-1.0394955
930,2359076178,-84.67342377,-79.02612305,-75.4950943,0.8088804,2.6503987,0.97138214
932,2359109512,-98.31681061,-79.15245819,-59.67696762,-0.06164486,1.7695613,1.5427542
939,2359226181,-120.1923828,-77.13767242,-31.51379013,0.7985116,-1.076931,0.15180779
941,2359259515,-124.2094193,-76.50583649,-26.97244072,1.4962292,-1.5012455,1.6067781
943,2359292849,-123.4913635,-76.48783112,-28.3747406,0.69990057,-0.5086405,0.896842
945,2359326183,-122.0788269,-76.64720917,-31.09480476,-0.55674005,0.34209496,-0.46056843
946,2359342850,-122.0497208,-76.69319153,-31.69515419,-1.1064669,0.3630988,-0.523036
948,2359376184,-123.1397858,-76.63301086,-31.0972271,-1.4055102,0.588578,-0.60192776
950,2359409518,-125.0949326,-76.3473053,-28.73756409,-0.8390793,0.8058466,-0.082613945
952,2359442852,-126.0560455,-76.01862335,-26.62887001,-0.15669024,0.7296949,0.38885403
954,2359476186,-125.7365723,-75.81641388,-25.48285103,0.09984603,-0.049388763,0.22550774
955,2359492853,-125.5093994,-75.73033905,-25.15631104,0.0836636,-0.67249674,0.12889576
959,2359559521,-125.1064148,-75.8780899,-24.82496452,-0.5202126,-1.1130952,-0.20240784
961,2359592855,-124.8015213,-75.99143219,-25.21891975,-0.75530136,-1.0821732,-0.6103859
963,2359626189,-124.6930008,-75.83346558,-26.01436615,-0.33156595,-1.0569605,0.16439152
964,2359642856,-124.5761642,-75.71006012,-26.68381882,-0.07385069,-0.5056654,0.39843845
966,2359676190,-124.0320969,-75.70339966,-28.39658928,-0.026158085,0.62406224,0.4301653
968,2359709524,-123.072731,-76.03448486,-29.93657303,-0.47207516,0.93967843,0.06463432
970,2359742858,-121.4761581,-76.27759552,-31.07532883,-1.2063088,0.75414187,-0.014616966
972,2359776192,-120.1739044,-76.52109528,-32.29224777,-0.19127087,0.7802936,-0.40567207
973,2359792859,-120.5705719,-76.55692291,-32.158638,0.3994035,0.5516785,-0.6145115
975,2359826193,-120.3932037,-76.21708679,-31.78024483,-0.45271415,-1.2289099,0.90345764
977,2359859527,-117.065567,-76.69099426,-34.52896118,-0.4249756,-0.06746537,-0.105825424
979,2359892861,-116.8368378,-76.97187042,-34.71875763,-0.23255269,-0.112947464,-0.4933691
981,2359926195,-116.8087082,-77.07744598,-34.90764236,-0.42784205,-0.22664873,0.16146374
982,2359942862,-116.3858643,-77.21707153,-35.56924438,0.03775712,-0.00500412,0.16323757
984,2359976196,-114.8350677,-77.36148071,-37.16382599,0.75319684,0.19304366,-0.11887264
986,2360009530,-113.4987183,-77.30680084,-37.84982681,0.5818116,0.52260727,-0.11480999
988,2360042864,-113.8123474,-77.48088074,-37.29504395,0.39844888,-0.08466123,-0.40421677
990,2360076198,-115.0870514,-77.51121521,-36.00117493,0.74675155,-0.5123088,0.32251263
991,2360092865,-114.7195206,-77.47407532,-36.19452286,0.6964987,-0.25299388,0.47767448
995,2360159533,-113.7524948,-77.60374451,-36.90514755,0.27925375,-0.41799024,-0.11289787
997,2360192867,-114.2281799,-77.59674835,-36.76290894,-0.031154409,-0.28975415,0.5138893
999,2360226201,-113.1820145,-77.65872955,-38.30443954,0.10213467,0.51491004,-0.26469326
1000,2360242868,-112.9986038,-77.6975708,-38.73807526,0.2030775,0.49033758,-0.5668602
1002,2360276202,-113.9573975,-77.58621979,-38.00275421,0.081582814,0.15061007,-0.23458385
1004,2360309536,-114.5823288,-77.38204193,-37.40245819,-0.37828955,-0.019112928,0.3652115
1006,2360342870,-114.2662354,-77.37464142,-37.8776741,-0.21278417,0.002448473,-0.028603554
1008,2360376204,-114.5649185,-77.35655212,-37.88538361,-0.17103347,-0.12810992,-0.14154434
1009,2360392871,-114.8026657,-77.30936432,-37.81545258,-0.18999027,-0.1384151,-0.01922512
1011,2360426205,-114.9920273,-77.20993042,-37.86075974,0.00941118,0.07273335,-0.09824467
1015,2360492873,-115.8498077,-76.98139191,-37.1637764,-0.036469225,-0.072240055,-0.15182209
1017,2360526207,-116.5316315,-76.79627228,-36.62685013,-0.16981675,-0.18570094,0.28633213
1018,2360542874,-116.8020859,-76.72385406,-36.48448563,-0.037661124,-0.13490315,0.32387924
1020,2360576208,-117.3572693,-76.62049103,-36.27921677,0.31659022,0.13980567,0.025821686
1022,2360609542,-117.8457336,-76.54762268,-36.20170593,0.34106547,0.07924116,-0.104483604
1024,2360642876,-117.9861679,-76.46871185,-36.47463989,0.008216714,-0.02166824,0.13270283
1026,2360676210,-118.1311417,-76.39994812,-36.75188065,-0.2189332,0.06773549,0.13621902
1027,2360692877,-118.3681488,-76.38211823,-36.71407318,-0.215281,0.12334853,-0.08897114
1029,2360726211,-119.0572586,-76.29738617,-36.31230164,-0.13371667,0.0735395,-0.18579865
1031,2360759545,-119.3560562,-76.15632629,-36.1972847,-0.013116146,-0.00494176,0.088178635
1035,2360826213,-118.9642487,-76.0893631,-36.59602737,-0.20882118,-0.050023764,0.011116982
1036,2360842880,-118.9571152,-76.07939148,-36.49939346,-0.28665686,-0.035437085,-0.07499981
1038,2360876214,-119.2805405,-76.01734924,-36.09495926,-0.43814272,0.028284447,-0.1668539
1040,2360909548,-119.7596207,-75.90589905,-35.73428345,-0.22303377,-0.022955116,-0.047153473
1042,2360942882,-120.0226288,-75.76819611,-35.63027191,0.07908056,-0.0397976,0.13536644
1044,2360976216,-120.0376816,-75.69023132,-35.63104248,0.15457204,-0.1015758,0.104724884
1045,2360992883,-120.1120071,-75.67059326,-35.51956558,0.14722316,-0.12913662,0.016600609
1047,2361026217,-120.4466171,-75.64038849,-35.12823105,0.08867565,-0.14449374,-0.017910004
1049,2361059551,-120.6723938,-75.60595703,-34.9382782,-0.004879316,-0.05723541,0.008304596
1051,2361092885,-120.6408844,-75.58394623,-35.08151627,-0.19082323,-0.027265228,6.68E-05
1054,2361142886,-120.8415375,-75.54768372,-35.08401871,-0.19494794,-0.066958115,-0.047423363
1056,2361176220,-121.2329788,-75.46809387,-34.73595428,-0.035913125,0.07303442,-0.017029762
1058,2361209554,-121.5606232,-75.39913177,-34.36530304,0.054286882,0.111510165,0.03998947
1060,2361242888,-121.7616348,-75.37582397,-34.13667297,0.01912881,-0.003151868,0.04847145
1062,2361276222,-121.8025742,-75.36909485,-34.08885574,-0.13029887,-0.13610844,-0.01872158
1063,2361292889,-121.7634888,-75.35730743,-34.13471985,-0.24894156,-0.17071539,-0.01636982
1065,2361326223,-121.6508789,-75.33865356,-34.30942535,-0.40234807,-0.19669452,-0.00344944
1067,2361359557,-121.5888138,-75.34114838,-34.48788452,-0.4045288,-0.17350395,-0.028569221
1069,2361392891,-121.6401672,-75.34063721,-34.56198883,-0.31843,-0.11375077,-0.08690548
1071,2361426225,-121.8447266,-75.32398987,-34.4126091,-0.23709723,-0.019624103,-0.078287125
1072,2361442892,-122.0098724,-75.30032349,-34.23652649,-0.16954006,0.04294209,-0.01761818
1074,2361476226,-122.2641068,-75.2568512,-33.89511108,-0.07449666,0.09239674,0.12869167
1076,2361509560,-122.2993622,-75.25151062,-33.79675674,-0.05219328,0.076615326,0.07821369
1078,2361542894,-122.1701889,-75.26892853,-33.92686844,-0.095432766,-0.015144679,-0.07211971
1080,2361576228,-122.2364807,-75.26289368,-33.85445023,-0.102993414,-0.18180141,-0.03208542
1081,2361592895,-122.3228531,-75.24471283,-33.74346542,-0.120811194,-0.16527095,0.03403473
1083,2361626229,-122.4971085,-75.21839905,-33.57679367,-0.050700814,-0.10798995,3.06E-04
1085,2361659563,-122.4740219,-75.24340057,-33.67103195,-0.161742,-0.044180688,0.13643456
1087,2361692897,-121.9591599,-75.32598877,-34.15906525,-0.49468648,0.050243143,0.007891655
1090,2361742898,-121.5762634,-75.45975494,-34.53129196,-0.6715287,0.0547885,-0.14495277
1092,2361776232,-121.9947739,-75.44043732,-34.16373062,-0.20847927,0.004763732,-0.16684914
1094,2361809566,-122.6006165,-75.36133575,-33.57135391,0.42176107,-0.09564902,-0.014230728
1096,2361842900,-122.9298859,-75.30246735,-33.14093399,0.71226203,-0.22101285,0.090423584
1098,2361876234,-122.8545151,-75.31142426,-33.12810898,0.49194458,-0.23597994,0.15634537
1099,2361892901,-122.6964111,-75.35028839,-33.32284927,0.23412496,-0.14206529,0.07858181
1101,2361926235,-122.4345474,-75.43767548,-33.86847687,-0.0391986,-0.022892645,-0.119758606
1103,2361959569,-122.5309601,-75.45300293,-34.13182068,-0.03001072,0.007766963,-0.10083103
1105,2361992903,-122.7997284,-75.41513824,-34.00102615,-0.005805316,0.124470115,-0.001775742
1107,2362026237,-122.8509903,-75.38228607,-33.83641815,-0.06300759,0.07243083,0.0506773
1110,2362076238,-122.6181946,-75.41583252,-33.94567871,-0.3174983,-0.1372269,0.005978584
1112,2362109572,-122.6294479,-75.40193176,-33.96945572,-0.22005194,-0.070421666,0.018064499
1114,2362142906,-122.7105408,-75.38332367,-33.8985672,0.014650464,0.03872116,0.03973961
1116,2362176240,-122.6182175,-75.4077301,-33.83472061,0.037086833,0.048255328,0.030540466
